english,phonetic,vietnamese
hello,həˈloʊ,xin chào
goodbye,ɡʊdˈbaɪ,tạm biệt
apple,ˈæp.əl,táo
book,bʊk,sách
accept,/əkˈsept/,"chấp nhận, đồng ý"
access,ˈækses,"truy cập, lối vào"
accommodation,/əˌkɑːməˈdeɪʃn/,"chỗ ở, nơi ăn nghỉ"
according to,/əˈkɔːrdɪŋ tuː/,"theo như, căn cứ vào"
accountant,/əˈkaʊntənt/,kế toán viên
accurate,ˈækjərət,chính xác
address,/əˈdres/,"địa chỉ, phát biểu"
adjust,/əˈdʒʌst/,điều chỉnh
advantage,/ədˈvæntɪdʒ/,lợi thế
advertisement,/ˌædvərˈtaɪzmənt/,quảng cáo
agenda,/əˈdʒendə/,chương trình nghị sự
agree,/əˈɡriː/,đồng ý
announce,/əˈnaʊns/,thông báo
applicant,ˈæplɪkənt,"ứng viên, người nộp đơn"
application,/ˌæplɪˈkeɪʃn/,"đơn xin, ứng dụng"
appliance,/əˈplaɪəns/,"thiết bị, đồ dùng (gia đình)"
appointment,/əˈpɔɪntmənt/,"cuộc hẹn, sự bổ nhiệm"
appreciate,/əˈpriːʃieɪt/,"cảm kích, đánh giá cao"
approve,/əˈpruːv/,chấp thuận
arrangement,/əˈreɪndʒmənt/,"sự sắp xếp, sự chuẩn bị"
article,ˈɑːrtɪkl,"bài báo, điều khoản"
assist,/əˈsɪst/,"hỗ trợ, giúp đỡ"
attach,/əˈtætʃ/,đính kèm
attend,/əˈtend/,tham dự
available,/əˈveɪləbl/,"có sẵn, rảnh rỗi"
benefit,ˈbenɪfɪt,"lợi ích, phúc lợi"
booking,ˈbʊkɪŋ,sự đặt chỗ
branch,/bræntʃ/,chi nhánh
budget,ˈbʌdʒɪt,ngân sách
cancellation,/ˌkænsəˈleɪʃn/,sự hủy bỏ
career,/kəˈrɪr/,sự nghiệp
client,ˈklaɪənt,khách hàng
collect,/kəˈlekt/,"thu thập, lấy"
colleague,ˈkɑːliːɡ,đồng nghiệp
committee,/kəˈmɪti/,ủy ban
communicate,/kəˈmjuːnɪkeɪt/,giao tiếp
company,ˈkʌmpəni,công ty
compare,/kəmˈper/,so sánh
complete,/kəmˈpliːt/,hoàn thành
concern,/kənˈsɜːrn/,"mối quan tâm, sự lo lắng"
conference,ˈkɑːnfərəns,hội nghị
confirm,/kənˈfɜːrm/,xác nhận
congratulate,/kənˈɡrætʃəleɪt/,chúc mừng
consequently,ˈkɑːnsəkwentli,"do đó, kết quả là"
consider,/kənˈsɪdər/,cân nhắc
consult,/kənˈsʌlt/,"tham khảo, hỏi ý kiến"
contract,ˈkɑːntrækt,hợp đồng
convenient,/kənˈviːniənt/,thuận tiện
cooperate,/koʊˈɑːpəreɪt/,hợp tác
cost,kɔːst,"chi phí, tốn kém"
customer,ˈkʌstəmər,khách hàng (mua hàng)
deadline,ˈdedlaɪn,hạn chót
decrease,ˈdiːkriːs,giảm
delivery,/dɪˈlɪvəri/,sự giao hàng
department,/dɪˈpɑːrtmənt/,phòng ban
detail,ˈdiːteɪl,chi tiết
develop,/dɪˈveləp/,phát triển
discount,ˈdɪskaʊnt,giảm giá
document,ˈdɑːkjumənt,tài liệu
due to,/ˈduː tuː/,"do, bởi vì"
durable,ˈdʊrəbl,bền
efficiency,/ɪˈfɪʃənsi/,hiệu suất
employee,/ɪmˈplɔɪiː/,nhân viên
equipment,/ɪˈkwɪpmənt/,thiết bị
estimate,ˈestɪmət,"ước tính, dự toán"
evaluation,/ɪˌvæljuˈeɪʃn/,sự đánh giá
expense,/ɪkˈspens/,chi phí
experience,/ɪkˈspɪriəns/,kinh nghiệm
extension,/ɪkˈstenʃn/,"số máy lẻ, sự gia hạn"
facility,/fəˈsɪləti/,cơ sở vật chất
fee,fiː,phí
financial,/faɪˈnænʃl/,thuộc về tài chính
flexible,ˈfleksəbl,linh hoạt
furthermore,/ˌfɜːrðərˈmɔːr/,hơn nữa
guarantee,/ˌɡærənˈtiː/,"bảo hành, bảo đảm"
headquarters,/ˌhedˈkwɔːrtərz/,trụ sở chính
hire,ˈhaɪər,"thuê, tuyển dụng"
illustrate,ˈɪləstreɪt,minh họa
immediately,/ɪˈmiːdiətli/,ngay lập tức
increase,ˈɪnkriːs,tăng
information,/ˌɪnfərˈmeɪʃn/,thông tin
install,/ɪnˈstɔːl/,lắp đặt
insurance,/ɪnˈʃʊrəns/,bảo hiểm
interview,ˈɪntərvjuː,phỏng vấn
invoice,ˈɪnvɔɪs,hóa đơn
issue,ˈɪʃuː,"vấn đề, phát hành"
launch,lɔːntʃ,ra mắt
location,/loʊˈkeɪʃn/,vị trí
maintenance,ˈmeɪntənəns,sự bảo trì
manager,ˈmænɪdʒər,người quản lý
manufacture,/ˌmænjuˈfæktʃər/,sản xuất
market,ˈmɑːrkɪt,thị trường
measure,ˈmeʒər,"đo lường, biện pháp"
meeting,ˈmiːtɪŋ,cuộc họp
mention,ˈmenʃn/,đề cập
negotiate,/nɪˈɡoʊʃieɪt/,đàm phán
notice,ˈnoʊtɪs,thông báo
operation,/ˌɑːpəˈreɪʃn/,"hoạt động, sự vận hành"
opportunity,/ˌɑːpərˈtuːnəti/,cơ hội
order,ˈɔːrdər,"đơn đặt hàng, ra lệnh"
organization,/ˌɔːrɡənəˈzeɪʃn/,tổ chức
original,/əˈrɪdʒənl/,"nguyên bản, ban đầu"
package,ˈpækɪdʒ,gói hàng
participate,/pɑːrˈtɪsɪpeɪt/,tham gia
payment,ˈpeɪmənt,thanh toán
permit,ˈpɜːrmɪt,"giấy phép, cho phép"
policy,ˈpɑːləsi,chính sách
postpone,/poʊˈspoʊn/,hoãn lại
preferred,/prɪˈfɜːrd/,ưa thích hơn
present,ˈpreznt,"hiện diện, trình bày"
procedure,/prəˈsiːdʒər/,thủ tục
product,ˈprɑːdʌkt,sản phẩm
professional,/prəˈfeʃənl/,chuyên nghiệp
profit,ˈprɑːfɪt,lợi nhuận
promotion,/prəˈmoʊʃn/,"thăng chức, khuyến mãi"
proposal,/prəˈpoʊzl/,đề xuất
purchase,ˈpɜːrtʃəs,"mua, sự mua hàng"
quality,ˈkwɑːləti,chất lượng
range,reɪndʒ,"phạm vi, loại"
receive,/rɪˈsiːv/,nhận
recommend,/ˌrekəˈmend/,"đề xuất, giới thiệu"
refund,ˈriːfʌnd,hoàn tiền
register,ˈredʒɪstər,đăng ký
reliable,/rɪˈlaɪəbl/,đáng tin cậy
request,/rɪˈkwest/,yêu cầu
reserve,/rɪˈzɜːrv/,"đặt trước, bảo tồn"
responsibility,/rɪˌspɑːnsəˈbɪləti/,trách nhiệm
resume,ˈrezuːmeɪ,sơ yếu lý lịch
revenue,ˈrevənuː,doanh thu
schedule,ˈskedʒuːl,lịch trình
security,/sɪˈkjʊrəti/,"an ninh, bảo mật"
seminar,ˈsemɪnɑːr,hội thảo
shipment,ˈʃɪpmənt,lô hàng
solution,/səˈluːʃn/,giải pháp
staff,stæf,đội ngũ nhân viên
statement,ˈsteɪtmənt,"bảng sao kê, tuyên bố"
strategy,ˈstrætədʒi/,chiến lược
submit,/səbˈmɪt/,"nộp, đệ trình"
suggest,/səˈdʒest/,gợi ý
supervisor,ˈsuːpərvaɪzər,người giám sát
supply,/səˈplaɪ/,"cung cấp, nguồn cung"
technical,ˈteknɪkl,thuộc về kỹ thuật
terminate,ˈtɜːrmɪneɪt,chấm dứt
transportation,/ˌtrænspərˈteɪʃn/,vận chuyển
update,ˈʌpdeɪt,cập nhật
vacancy,ˈveɪkənsi,vị trí còn trống
validation,/ˌvælɪˈdeɪʃn/,sự xác nhận
venue,ˈvenjuː,địa điểm (sự kiện)
warranty,ˈwɔːrənti,sự bảo hành
a,/ə/,'một'
abandon,/əˈbændən/,'từ bỏ, ruồng bỏ'
ability,/əˈbɪləti/,'khả năng, năng lực'
able,/ˈeɪbl/,'có thể, có khả năng'
about,/əˈbaʊt/,'về, khoảng'
above,/əˈbʌv/,'ở trên'
abroad,/əˈbrɔːd/,'ở nước ngoài'
absence,/ˈæbsəns/,'sự vắng mặt'
absolute,/ˈæbsəluːt/,'tuyệt đối, hoàn toàn'
absorb,/əbˈsɔːb/,'hấp thụ, thu hút'
abuse,/əˈbjuːs/,'lạm dụng, sỉ nhục'
academic,/ˌækəˈdemɪk/,'học thuật'
accent,/ˈæksent/,'giọng, ngữ điệu'
accept,/əkˈsept/,'chấp nhận'
acceptable,/əkˈseptəbl/,'có thể chấp nhận'
access,/ˈækses/,'truy cập, lối vào'
accident,/ˈæksɪdənt/,'tai nạn'
accompany,/əˈkʌmpəni/,'đi cùng, hộ tống'
according to,/əˈkɔːdɪŋ tuː/,'theo như'
account,/əˈkaʊnt/,'tài khoản, bản kê khai'
accurate,/ˈækjərət/,'chính xác'
accuse,/əˈkjuːz/,'buộc tội, tố cáo'
achieve,/əˈtʃiːv/,'đạt được, thành công'
achievement,/əˈtʃiːvmənt/,'thành tựu'
acid,/ˈæsɪd/,'axit'
acknowledge,/əkˈnɒlɪdʒ/,'thừa nhận, công nhận'
acquire,/əˈkwaɪər/,'thu được, giành được'
across,/əˈkrɒs/,'ngang qua'
act,/ækt/,'hành động, diễn'
action,/ˈækʃn/,'hành động'
active,/ˈæktɪv/,'năng động, tích cực'
activity,/ækˈtɪvəti/,'hoạt động'
actor,/ˈæktər/,'diễn viên nam'
actress,/ˈæktrəs/,'diễn viên nữ'
actual,/ˈæktʃuəl/,'thực tế'
actually,/ˈæktʃuəli/,'thực ra'
ad,/æd/,'quảng cáo'
adapt,/əˈdæpt/,'thích nghi'
add,/æd/,'thêm vào'
addition,/əˈdɪʃn/,'phép cộng, sự thêm vào'
additional,/əˈdɪʃənl/,'thêm vào, bổ sung'
address,/əˈdres/,'địa chỉ, bài diễn văn'
adequate,/ˈædɪkwət/,'đầy đủ'
adjust,/əˈdʒʌst/,'điều chỉnh'
administration,/ədˌmɪnɪˈstreɪʃn/,'sự quản lý, chính quyền'
admire,/ədˈmaɪər/,'ngưỡng mộ'
admit,/ədˈmɪt/,'thừa nhận, cho vào'
adopt,/əˈdɒpt/,'nhận nuôi, áp dụng'
adult,/ˈædʌlt/,'người lớn'
advance,/ədˈvɑːns/,'tiến bộ, ứng trước'
advanced,/ədˈvɑːnst/,'tiên tiến, nâng cao'
advantage,/ədˈvɑːntɪdʒ/,'lợi thế'
adventure,/ədˈventʃər/,'cuộc phiêu lưu'
advertise,/ˈædvətaɪz/,'quảng cáo'
advertisement,/ədˈvɜːtɪsmənt/,'bài quảng cáo'
advice,/ədˈvaɪs/,'lời khuyên'
advise,/ədˈvaɪz/,'khuyên bảo'
affair,/əˈfeər/,'việc, vụ việc'
affect,/əˈfekt/,'ảnh hưởng'
afford,/əˈfɔːd/,'có đủ khả năng'
afraid,/əˈfreɪd/,'sợ, e ngại'
after,/ˈɑːftər/,'sau khi'
afternoon,/ˌɑːftəˈnuːn/,'buổi chiều'
afterwards,/ˈɑːftəwədz/,'sau đó'
again,/əˈɡen/,'lại, lần nữa'
against,/əˈɡenst/,'chống lại'
age,/eɪdʒ/,'tuổi, thời đại'
aged,/eɪdʒd/,'già'
agency,/ˈeɪdʒənsi/,'đại lý, cơ quan'
agenda,/əˈdʒendə/,'chương trình nghị sự'
agent,/ˈeɪdʒənt/,'đại lý, điệp viên'
aggressive,/əˈɡresɪv/,'hung hăng, xông xáo'
ago,/əˈɡəʊ/,'trước đây'
agree,/əˈɡriː/,'đồng ý'
agreement,/əˈɡriːmənt/,'sự đồng ý, hợp đồng'
ahead,/əˈhed/,'phía trước'
aid,/eɪd/,'viện trợ, giúp đỡ'
aim,/eɪm/,'mục tiêu, nhắm'
air,/eər/,'không khí, phát sóng'
aircraft,/ˈeəkrɑːft/,'máy bay'
airline,/ˈeəlaɪn/,'hãng hàng không'
airport,/ˈeəpɔːt/,'sân bay'
alarm,/əˈlɑːm/,'báo động'
album,/ˈælbəm/,'album, tuyển tập'
alcohol,/ˈælkəhɒl/,'rượu, cồn'
alcoholic,/ˌælkəˈhɒlɪk/,'nghiện rượu, chứa cồn'
alive,/əˈlaɪv/,'còn sống'
all,/ɔːl/,'tất cả'
allow,/əˈlaʊ/,'cho phép'
ally,/ˈælaɪ/,'đồng minh'
almost,/ˈɔːlməʊst/,'hầu như'
alone,/əˈləʊn/,'một mình'
along,/əˈlɒŋ/,'dọc theo'
alongside,/əˌlɒŋˈsaɪd/,'bên cạnh'
aloud,/əˈlaʊd/,'to, lớn tiếng'
alphabet,/ˈælfəbet/,'bảng chữ cái'
already,/ɔːlˈredi/,'đã rồi'
also,/ˈɔːlsəʊ/,'cũng vậy'
alter,/ˈɔːltər/,'thay đổi, biến đổi'
alternative,/ɔːlˈtɜːnətɪv/,'sự lựa chọn khác'
although,/ɔːlˈðəʊ/,'mặc dù'
altogether,/ˌɔːltəˈɡeðər/,'hoàn toàn, nói chung'
always,/ˈɔːlweɪz/,'luôn luôn'
amaze,/əˈmeɪz/,'làm kinh ngạc'
amazing,/əˈmeɪzɪŋ/,'kinh ngạc, tuyệt vời'
ambition,/æmˈbɪʃn/,'tham vọng'
ambulance,/ˈæmbjələns/,'xe cứu thương'
among,/əˈmʌŋ/,'ở giữa, trong số'
amount,/əˈmaʊnt/,'số lượng, tổng số'
analyse,/ˈænəlaɪz/,'phân tích'
analysis,/əˈnæləsɪs/,'sự phân tích'
ancient,/ˈeɪnʃənt/,'cổ xưa'
and,/ænd/,'và'
anger,/ˈæŋɡər/,'sự tức giận'
angle,/ˈæŋɡl/,'góc'
angry,/ˈæŋɡri/,'tức giận'
animal,/ˈænɪml/,'động vật'
ankle,/ˈæŋkl/,'mắt cá chân'
anniversary,/ˌænɪˈvɜːsəri/,'lễ kỷ niệm'
announce,/əˈnaʊns/,'thông báo'
annoy,/əˈnɔɪ/,'làm phiền'
annual,/ˈænjuəl/,'hàng năm'
another,/əˈnʌðər/,'khác'
answer,/ˈɑːnsər/,'câu trả lời, trả lời'
anxious,/ˈæŋkʃəs/,'lo lắng'
any,/ˈeni/,'bất kỳ'
anybody,/ˈenibɒdi/,'bất cứ ai'
anyone,/ˈeniwʌn/,'bất cứ ai'
anything,/ˈeniθɪŋ/,'bất cứ điều gì'
anyway,/ˈeniweɪ/,'dù sao đi nữa'
anywhere,/ˈeniweər/,'bất cứ đâu'
apart,/əˈpɑːt/,'riêng ra, cách xa'
apartment,/əˈpɑːtmənt/,'căn hộ'
apologize,/əˈpɒlədʒaɪz/,'xin lỗi'
apparent,/əˈpærənt/,'rõ ràng, bề ngoài'
appeal,/əˈpiːl/,'kêu gọi, hấp dẫn'
appear,/əˈpɪər/,'xuất hiện'
appearance,/əˈpɪərəns/,'sự xuất hiện, ngoại hình'
apple,/ˈæpl/,'quả táo'
application,/ˌæplɪˈkeɪʃn/,'đơn xin, ứng dụng'
apply,/əˈplaɪ/,'nộp đơn, áp dụng'
appoint,/əˈpɔɪnt/,'bổ nhiệm'
appointment,/əˈpɔɪntmənt/,'cuộc hẹn, sự bổ nhiệm'
appreciate,/əˈpriːʃieɪt/,'đánh giá cao, cảm kích'
approach,/əˈprəʊtʃ/,'tiếp cận'
appropriate,/əˈprəʊpriət/,'thích hợp'
approval,/əˈpruːvl/,'sự chấp thuận'
approve,/əˈpruːv/,'chấp thuận'
approximate,/əˈprɒksɪmət/,'xấp xỉ'
April,/ˈeɪprəl/,'tháng Tư'
area,/ˈeəriə/,'khu vực, diện tích'
argue,/ˈɑːɡjuː/,'tranh cãi'
argument,/ˈɑːɡjumənt/,'cuộc tranh cãi, lý lẽ'
arise,/əˈraɪz/,'nảy sinh, phát sinh'
arm,/ɑːm/,'cánh tay, vũ trang'
armed,/ɑːmd/,'được vũ trang'
army,/ˈɑːmi/,'quân đội'
around,/əˈraʊnd/,'xung quanh'
arrange,/əˈreɪndʒ/,'sắp xếp'
arrangement,/əˈreɪndʒmənt/,'sự sắp xếp'
arrest,/əˈrest/,'bắt giữ'
arrival,/əˈraɪvl/,'sự đến nơi'
arrive,/əˈraɪv/,'đến nơi'
arrow,/ˈærəʊ/,'mũi tên'
art,/ɑːt/,'nghệ thuật'
article,/ˈɑːtɪkl/,'bài báo, điều khoản'
artificial,/ˌɑːtɪˈfɪʃl/,'nhân tạo'
artist,/ˈɑːtɪst/,'nghệ sĩ'
artistic,/ɑːˈtɪstɪk/,'thuộc nghệ thuật'
as,/æz/,'như, khi, bởi vì'
ashamed,/əˈʃeɪmd/,'xấu hổ'
aside,/əˈsaɪd/,'về một bên'
ask,/ɑːsk/,'hỏi, yêu cầu'
asleep,/əˈsliːp/,'ngủ'
aspect,/ˈæspekt/,'khía cạnh'
assist,/əˈsɪst/,'giúp đỡ'
assistance,/əˈsɪstəns/,'sự giúp đỡ'
assistant,/əˈsɪstənt/,'trợ lý'
associate,/əˈsəʊʃieɪt/,'liên kết, cộng tác'
association,/əˌsəʊʃiˈeɪʃn/,'hiệp hội, sự liên kết'
assume,/əˈsjuːm/,'cho rằng, giả sử'
assure,/əˈʃʊər/,'đảm bảo'
at,/æt/,'tại, ở'
atmosphere,/ˈætməsfɪər/,'bầu không khí'
atom,/ˈætəm/,'nguyên tử'
attach,/əˈtætʃ/,'đính kèm'
attack,/əˈtæk/,'tấn công'
attempt,/əˈtempt/,'nỗ lực, cố gắng'
attend,/əˈtend/,'tham dự'
attention,/əˈtenʃn/,'sự chú ý'
attitude,/ˈætɪtjuːd/,'thái độ'
attorney,/əˈtɜːni/,'luật sư'
attract,/əˈtrækt/,'thu hút'
attraction,/əˈtrækʃn/,'sự thu hút'
attractive,/əˈtræktɪv/,'hấp dẫn, quyến rũ'
audience,/ˈɔːdiəns/,'khán giả'
August,/ˈɔːɡəst/,'tháng Tám'
aunt,/ɑːnt/,'cô, dì'
author,/ˈɔːθər/,'tác giả'
authority,/ɔːˈθɒrəti/,'uy quyền, chính quyền'
automatic,/ˌɔːtəˈmætɪk/,'tự động'
autumn,/ˈɔːtəm/,'mùa thu'
available,/əˈveɪləbl/,'có sẵn'
average,/ˈævərɪdʒ/,'trung bình'
avoid,/əˈvɔɪd/,'tránh'
awake,/əˈweɪk/,'thức giấc'
award,/əˈwɔːd/,'phần thưởng'
aware,/əˈweər/,'nhận thức'
away,/əˈweɪ/,'xa, đi khỏi'
awful,/ˈɔːfl/,'kinh khủng'
awkward,/ˈɔːkwəd/,'vụng về, lúng túng'
baby,/ˈbeɪbi/,'em bé'
back,/bæk/,'lưng, phía sau'
background,/ˈbækɡraʊnd/,'lý lịch, nền'
backward,/ˈbækwəd/,'về phía sau, lạc hậu'
bacteria,/bækˈtɪəriə/,'vi khuẩn'
bad,/bæd/,'tệ, xấu'
badly,/ˈbædli/,'một cách tồi tệ'
bag,/bæɡ/,'túi, cặp'
baggage,/ˈbæɡɪdʒ/,'hành lý'
bake,/beɪk/,'nướng (bằng lò)'
balance,/ˈbæləns/,'sự cân bằng, cân'
ball,/bɔːl/,'quả bóng'
ban,/bæn/,'cấm'
band,/bænd/,'ban nhạc, dải'
bandage,/ˈbændɪdʒ/,'băng (y tế)'
bank,/bæŋk/,'ngân hàng, bờ (sông)'
bar,/bɑːr/,'quán bar, thanh, rào chắn'
bargain,/ˈbɑːɡən/,'mặc cả, món hời'
barrier,/ˈbæriər/,'rào cản'
base,/beɪs/,'cơ sở, căn cứ'
baseball,/ˈbeɪsbɔːl/,'bóng chày'
basic,/ˈbeɪsɪk/,'cơ bản'
basis,/ˈbeɪsɪs/,'nền tảng'
basket,/ˈbɑːskɪt/,'cái rổ'
basketball,/ˈbɑːskɪtbɔːl/,'bóng rổ'
bath,/bɑːθ/,'việc tắm, bồn tắm'
bathroom,/ˈbɑːθruːm/,'phòng tắm'
battery,/ˈbætəri/,'pin'
battle,/ˈbætl/,'trận chiến'
bay,/beɪ/,'vịnh'
be,/biː/,'thì, là, ở'
beach,/biːtʃ/,'bãi biển'
beak,/biːk/,'mỏ chim'
bear,/beər/,'con gấu, chịu đựng'
beard,/bɪəd/,'râu'
beat,/biːt/,'đánh đập, nhịp'
beautiful,/ˈbjuːtɪfl/,'đẹp'
beauty,/ˈbjuːti/,'vẻ đẹp'
because,/bɪˈkɒz/,'bởi vì'
become,/bɪˈkʌm/,'trở nên, trở thành'
bed,/bed/,'cái giường'
bedroom,/ˈbedruːm/,'phòng ngủ'
bee,/biː/,'con ong'
beef,/biːf/,'thịt bò'
beer,/bɪər/,'bia'
before,/bɪˈfɔːr/,'trước khi'
beg,/beɡ/,'van xin'
begin,/bɪˈɡɪn/,'bắt đầu'
beginning,/bɪˈɡɪnɪŋ/,'sự bắt đầu'
behalf,/bɪˈhɑːf/,'thay mặt'
behave,/bɪˈheɪv/,'cư xử'
behaviour,/bɪˈheɪvjər/,'hành vi'
behind,/bɪˈhaɪnd/,'phía sau'
belief,/bɪˈliːf/,'niềm tin'
believe,/bɪˈliːv/,'tin tưởng'
bell,/bel/,'cái chuông'
belong,/bɪˈlɒŋ/,'thuộc về'
below,/bɪˈləʊ/,'bên dưới'
belt,/belt/,'thắt lưng'
bend,/bend/,'uốn cong, cúi xuống'
beneath,/bɪˈniːθ/,'ở dưới'
benefit,/ˈbenɪfɪt/,'lợi ích'
beside,/bɪˈsaɪd/,'bên cạnh'
best,/best/,'tốt nhất'
bet,/bet/,'cá cược'
better,/ˈbetər/,'tốt hơn'
between,/bɪˈtwiːn/,'ở giữa'
beyond,/bɪˈjɒnd/,'vượt ra ngoài'
bicycle,/ˈbaɪsɪkl/,'xe đạp'
bid,/bɪd/,'trả giá, đấu thầu'
big,/bɪɡ/,'to, lớn'
bike,/baɪk/,'xe đạp'
bill,/bɪl/,'hóa đơn, dự luật'
billion,/ˈbɪljən/,'một tỷ'
bin,/bɪn/,'thùng rác'
biology,/baɪˈɒlədʒi/,'sinh học'
bird,/bɜːd/,'con chim'
birth,/bɜːθ/,'sự ra đời'
birthday,/ˈbɜːθdeɪ/,'sinh nhật'
biscuit,/ˈbɪskɪt/,'bánh quy'
bit,/bɪt/,'một chút, miếng'
bite,/baɪt/,'cắn'
bitter,/ˈbɪtər/,'đắng'
black,/blæk/,'màu đen'
blade,/bleɪd/,'lưỡi dao'
blame,/bleɪm/,'khiển trách, đổ lỗi'
blank,/blæŋk/,'trống, để trắng'
blind,/blaɪnd/,'mù'
block,/blɒk/,'khối, tòa nhà, chặn'
blog,/blɒɡ/,'blog, trang cá nhân'
blonde,/blɒnd/,'tóc vàng hoe'
blood,/blʌd/,'máu'
blow,/bləʊ/,'thổi'
blue,/bluː/,'màu xanh da trời'
board,/bɔːd/,'bảng, tấm ván, lên (tàu, xe)'
boat,/bəʊt/,'thuyền'
body,/ˈbɒdi/,'cơ thể'
boil,/bɔɪl/,'sôi, luộc'
bomb,/bɒm/,'quả bom'
bond,/bɒnd/,'mối liên kết, trái phiếu'
bone,/bəʊn/,'xương'
book,/bʊk/,'sách, đặt chỗ'
boot,/buːt/,'giày ống'
border,/ˈbɔːdər/,'biên giới'
bore,/bɔːr/,'làm buồn chán'
boring,/ˈbɔːrɪŋ/,'nhàm chán'
born,/bɔːn/,'sinh ra'
borrow,/ˈbɒrəʊ/,'vay, mượn'
boss,/bɒs/,'ông chủ'
both,/bəʊθ/,'cả hai'
bother,/ˈbɒðər/,'làm phiền'
bottle,/ˈbɒtl/,'chai, lọ'
bottom,/ˈbɒtəm/,'đáy'
bowl,/bəʊl/,'cái bát'
box,/bɒks/,'cái hộp'
boy,/bɔɪ/,'cậu bé'
boyfriend,/ˈbɔɪfrend/,'bạn trai'
brain,/breɪn/,'não'
branch,/brɑːntʃ/,'nhánh cây, chi nhánh'
brand,/brænd/,'nhãn hiệu'
brave,/breɪv/,'dũng cảm'
bread,/bred/,'bánh mì'
break,/breɪk/,'làm vỡ, giờ giải lao'
breakfast,/ˈbrekfəst/,'bữa sáng'
breast,/brest/,'ngực'
breath,/breθ/,'hơi thở'
breathe,/briːð/,'thở'
breathing,/ˈbriːðɪŋ/,'sự thở'
bride,/braɪd/,'cô dâu'
bridge,/brɪdʒ/,'cây cầu'
brief,/briːf/,'ngắn gọn'
bright,/braɪt/,'sáng, thông minh'
brilliant,/ˈbrɪliənt/,'rực rỡ, xuất sắc'
bring,/brɪŋ/,'mang lại'
broad,/brɔːd/,'rộng'
broadcast,/ˈbrɔːdkɑːst/,'phát sóng'
broken,/ˈbrəʊkən/,'bị vỡ'
brother,/ˈbrʌðər/,'anh/em trai'
brown,/braʊn/,'màu nâu'
brush,/brʌʃ/,'bàn chải, chải'
bubble,/ˈbʌbl/,'bong bóng'
budget,/ˈbʌdʒɪt/,'ngân sách'
build,/bɪld/,'xây dựng'
building,/ˈbɪldɪŋ/,'tòa nhà'
bullet,/ˈbʊlɪt/,'viên đạn'
bunch,/bʌntʃ/,'bó, chùm'
burn,/bɜːn/,'đốt, cháy'
bury,/ˈberi/,'chôn cất'
bus,/bʌs/,'xe buýt'
bush,/bʊʃ/,'bụi cây'
business,/ˈbɪznəs/,'kinh doanh, công việc'
businessman,/ˈbɪznəsmən/,'doanh nhân'
busy,/ˈbɪzi/,'bận rộn'
but,/bʌt/,'nhưng'
butter,/ˈbʌtər/,'bơ'
button,/ˈbʌtn/,'nút, cúc áo'
buy,/baɪ/,'mua'
buyer,/ˈbaɪər/,'người mua'
by,/baɪ/,'bởi, bằng, gần'
bye,/baɪ/,'tạm biệt'
cabinet,/ˈkæbɪnət/,'tủ, nội các'
cable,/ˈkeɪbl/,'dây cáp'
cake,/keɪk/,'bánh ngọt'
calculate,/ˈkælkjuleɪt/,'tính toán'
calculation,/ˌkælkjuˈleɪʃn/,'sự tính toán'
call,/kɔːl/,'gọi điện, gọi'
calm,/kɑːm/,'bình tĩnh'
camera,/ˈkæmərə/,'máy ảnh'
camp,/kæmp/,'trại, cắm trại'
campaign,/kæmˈpeɪn/,'chiến dịch'
can,/kæn/,'có thể, lon'
cancel,/ˈkænsəl/,'hủy bỏ'
cancer,/ˈkænsər/,'ung thư'
candidate,/ˈkændɪdət/,'ứng cử viên'
candy,/ˈkændi/,'kẹo'
cannot,/ˈkænɒt/,'không thể'
cap,/kæp/,'mũ lưỡi trai'
capable,/ˈkeɪpəbl/,'có khả năng'
capacity,/kəˈpæsəti/,'sức chứa, năng lực'
capital,/ˈkæpɪtl/,'thủ đô, vốn'
captain,/ˈkæptɪn/,'đội trưởng, thuyền trưởng'
capture,/ˈkæptʃər/,'bắt giữ, chiếm được'
car,/kɑːr/,'xe hơi'
card,/kɑːd/,'thẻ, thiệp'
care,/keər/,'sự chăm sóc, quan tâm'
career,/kəˈrɪər/,'sự nghiệp'
careful,/ˈkeəfl/,'cẩn thận'
carefully,/ˈkeəfəli/,'một cách cẩn thận'
carpet,/ˈkɑːpɪt/,'tấm thảm'
carrot,/ˈkærət/,'cà rốt'
carry,/ˈkæri/,'mang, vác'
cartoon,/kɑːˈtuːn/,'phim hoạt hình'
case,/keɪs/,'trường hợp, hộp'
cash,/kæʃ/,'tiền mặt'
cast,/kɑːst/,'diễn viên, quăng'
castle,/ˈkɑːsl/,'lâu đài'
cat,/kæt/,'con mèo'
catch,/kætʃ/,'bắt, nắm lấy'
category,/ˈkætəɡəri/,'hạng, loại'
cause,/kɔːz/,'nguyên nhân, gây ra'
CD,/ˌsiː ˈdiː/,'đĩa CD'
cease,/siːs/,'ngừng, thôi'
ceiling,/ˈsiːlɪŋ/,'trần nhà'
celebrate,/ˈselɪbreɪt/,'kỷ niệm, ăn mừng'
celebration,/ˌselɪˈbreɪʃn/,'lễ kỷ niệm'
cell,/sel/,'tế bào, phòng giam'
cell phone,/ˈsel fəʊn/,'điện thoại di động'
cent,/sent/,'xu (tiền)'
centimetre,/ˈsentɪmiːtər/,'centimet'
central,/ˈsentrəl/,'trung tâm'
centre,/ˈsentər/,'trung tâm'
century,/ˈsentʃəri/,'thế kỷ'
ceremony,/ˈserəməni/,'nghi lễ'
certain,/ˈsɜːtn/,'chắc chắn'
certainly,/ˈsɜːtnli/,'chắc chắn'
certificate,/səˈtɪfɪkət/,'giấy chứng nhận'
chain,/tʃeɪn/,'chuỗi, dây xích'
chair,/tʃeər/,'cái ghế'
chairman,/ˈtʃeəmən/,'chủ tịch (nam)'
challenge,/ˈtʃælɪndʒ/,'thử thách'
chamber,/ˈtʃeɪmbər/,'buồng, phòng'
chance,/tʃɑːns/,'cơ hội'
change,/tʃeɪndʒ/,'thay đổi, tiền lẻ'
channel,/ˈtʃænl/,'kênh'
chapter,/ˈtʃæptər/,'chương (sách)'
character,/ˈkærəktər/,'nhân vật, tính cách'
characteristic,/ˌkærəktəˈrɪstɪk/,'đặc điểm'
charge,/tʃɑːdʒ/,'phí, sạc pin, buộc tội'
charity,/ˈtʃærəti/,'từ thiện'
chart,/tʃɑːt/,'biểu đồ'
chase,/tʃeɪs/,'đuổi theo'
chat,/tʃæt/,'trò chuyện'
cheap,/tʃiːp/,'rẻ'
cheat,/tʃiːt/,'gian lận'
check,/tʃek/,'kiểm tra, séc'
cheek,/tʃiːk/,'má'
cheerful,/ˈtʃɪəfl/,'vui vẻ'
cheese,/tʃiːz/,'phô mai'
chef,/ʃef/,'đầu bếp'
chemical,/ˈkemɪkl/,'hóa chất, thuộc hóa học'
chemistry,/ˈkemɪstri/,'hóa học'
chest,/tʃest/,'ngực, cái rương'
chicken,/ˈtʃɪkɪn/,'con gà, thịt gà'
chief,/tʃiːf/,'người đứng đầu, chính'
child,/tʃaɪld/,'đứa trẻ'
childhood,/ˈtʃaɪldhʊd/,'thời thơ ấu'
chip,/tʃɪp/,'mảnh vỡ, khoai tây chiên'
chocolate,/ˈtʃɒklət/,'sô cô la'
choice,/tʃɔɪs/,'sự lựa chọn'
choose,/tʃuːz/,'chọn'
chop,/tʃɒp/,'chặt, thái'
church,/tʃɜːtʃ/,'nhà thờ'
cigarette,/ˌsɪɡəˈret/,'điếu thuốc lá'
cinema,/ˈsɪnəmə/,'rạp chiếu phim'
circle,/ˈsɜːkl/,'vòng tròn'
circumstance,/ˈsɜːkəmstæns/,'hoàn cảnh'
cite,/saɪt/,'trích dẫn'
citizen,/ˈsɪtɪzn/,'công dân'
city,/ˈsɪti/,'thành phố'
civil,/ˈsɪvl/,'dân sự'
claim,/kleɪm/,'tuyên bố, yêu sách'
clap,/klæp/,'vỗ tay'
class,/klɑːs/,'lớp học, hạng'
classic,/ˈklæsɪk/,'kinh điển'
classical,/ˈklæsɪkl/,'cổ điển'
classroom,/ˈklɑːsruːm/,'phòng học'
clause,/klɔːz/,'mệnh đề'
clean,/kliːn/,'sạch sẽ, dọn dẹp'
clear,/klɪər/,'rõ ràng, trong'
clearly,/ˈklɪəli/,'một cách rõ ràng'
clerk,/klɑːk/,'nhân viên bán hàng'
click,/klɪk/,'nhấp chuột'
client,/ˈklaɪənt/,'khách hàng'
climate,/ˈklaɪmət/,'khí hậu'
climb,/klaɪm/,'leo, trèo'
clock,/klɒk/,'đồng hồ'
close,/kləʊz/,'đóng, gần'
closely,/ˈkləʊsli/,'gần gũi, chặt chẽ'
closet,/ˈklɒzɪt/,'tủ quần áo'
cloth,/klɒθ/,'vải'
clothes,/kləʊðz/,'quần áo'
clothing,/ˈkləʊðɪŋ/,'quần áo'
cloud,/klaʊd/,'mây'
club,/klʌb/,'câu lạc bộ'
clue,/kluː/,'manh mối'
coach,/kəʊtʃ/,'huấn luyện viên, xe khách'
coal,/kəʊl/,'than đá'
coast,/kəʊst/,'bờ biển'
coat,/kəʊt/,'áo khoác'
code,/kəʊd/,'mã'
coffee,/ˈkɒfi/,'cà phê'
coin,/kɔɪn/,'đồng xu'
cold,/kəʊld/,'lạnh'
collapse,/kəˈlæps/,'sụp đổ'
colleague,/ˈkɒliːɡ/,'đồng nghiệp'
collect,/kəˈlekt/,'sưu tầm, thu gom'
collection,/kəˈlekʃn/,'bộ sưu tập'
college,/ˈkɒlɪdʒ/,'trường cao đẳng'
colour,/ˈkʌlər/,'màu sắc'
column,/ˈkɒləm/,'cột'
combination,/ˌkɒmbɪˈneɪʃn/,'sự kết hợp'
combine,/kəmˈbaɪn/,'kết hợp'
come,/kʌm/,'đến'
comedy,/ˈkɒmədi/,'hài kịch'
comfort,/ˈkʌmfət/,'sự thoải mái'
comfortable,/ˈkʌmfətəbl/,'thoải mái'
command,/kəˈmɑːnd/,'ra lệnh, mệnh lệnh'
comment,/ˈkɒment/,'bình luận'
commercial,/kəˈmɜːʃl/,'thương mại'
commission,/kəˈmɪʃn/,'hội đồng, tiền hoa hồng'
commit,/kəˈmɪt/,'cam kết, phạm tội'
commitment,/kəˈmɪtmənt/,'sự cam kết'
committee,/kəˈmɪti/,'ủy ban'
common,/ˈkɒmən/,'phổ biến, chung'
communicate,/kəˈmjuːnɪkeɪt/,'giao tiếp'
communication,/kəˌmjuːnɪˈkeɪʃn/,'sự giao tiếp'
community,/kəˈmjuːnəti/,'cộng đồng'
company,/ˈkʌmpəni/,'công ty, sự đồng hành'
compare,/kəmˈpeər/,'so sánh'
comparison,/kəmˈpærɪsn/,'sự so sánh'
compete,/kəmˈpiːt/,'cạnh tranh'
competition,/ˌkɒmpəˈtɪʃn/,'cuộc thi, sự cạnh tranh'
competitive,/kəmˈpetətɪv/,'có tính cạnh tranh'
complain,/kəmˈpleɪn/,'phàn nàn'
complaint,/kəmˈpleɪnt/,'lời phàn nàn'
complete,/kəmˈpliːt/,'hoàn thành, đầy đủ'
completely,/kəmˈpliːtli/,'hoàn toàn'
complex,/ˈkɒmpleks/,'phức tạp'
complicate,/ˈkɒmplɪkeɪt/,'làm phức tạp'
component,/kəmˈpəʊnənt/,'thành phần'
computer,/kəmˈpjuːtər/,'máy tính'
concentrate,/ˈkɒnsntreɪt/,'tập trung'
concept,/ˈkɒnsept/,'khái niệm'
concern,/kənˈsɜːn/,'mối quan tâm, lo lắng'
concerned,/kənˈsɜːnd/,'quan tâm, lo lắng'
concerning,/kənˈsɜːnɪŋ/,'liên quan đến'
concert,/ˈkɒnsət/,'buổi hòa nhạc'
conclude,/kənˈkluːd/,'kết luận'
conclusion,/kənˈkluːʒn/,'kết luận'
concrete,/ˈkɒŋkriːt/,'bê tông, cụ thể'
condition,/kəˈnˈdɪʃn/,'điều kiện'
conduct,/kənˈdʌkt/,'tiến hành, hạnh kiểm'
conference,/ˈkɒnfərəns/,'hội nghị'
confidence,/ˈkɒnfɪdəns/,'sự tự tin'
confident,/ˈkɒnfɪdənt/,'tự tin'
confirm,/kənˈfɜːm/,'xác nhận'
conflict,/ˈkɒnflɪkt/,'xung đột'
confuse,/kənˈfjuːz/,'làm bối rối'
confusing,/kənˈfjuːzɪŋ/,'gây bối rối'
connect,/kəˈnekt/,'kết nối'
connection,/kəˈnekʃn/,'sự kết nối'
conscious,/ˈkɒnʃəs/,'có ý thức, nhận biết'
consequence,/ˈkɒnsɪkwəns/,'hậu quả'
conservative,/kənˈsɜːvətɪv/,'bảo thủ'
consider,/kənˈsɪdər/,'xem xét, cân nhắc'
considerable,/kənˈsɪdərəbl/,'đáng kể'
consist,/kənˈsɪst/,'bao gồm'
consistent,/kənˈsɪstənt/,'nhất quán'
constant,/ˈkɒnstənt/,'liên tục, không đổi'
construct,/kənˈstrʌkt/,'xây dựng'
construction,/kənˈstrʌkʃn/,'sự xây dựng'
consult,/kənˈsʌlt/,'tư vấn, tham khảo'
consumer,/kənˈsjuːmər/,'người tiêu dùng'
contact,/ˈkɒntækt/,'liên lạc'
contain,/kənˈteɪn/,'chứa đựng'
container,/kənˈteɪnər/,'vật chứa'
contemporary,/kənˈtemprəri/,'đương đại'
content,/ˈkɒntent/,'nội dung, hài lòng'
contest,/ˈkɒntest/,'cuộc thi'
context,/ˈkɒntekst/,'bối cảnh'
continue,/kənˈtɪnjuː/,'tiếp tục'
continuous,/kənˈtɪnjuəs/,'liên tục'
contract,/ˈkɒntrækt/,'hợp đồng'
contrast,/ˈkɒntrɑːst/,'sự tương phản'
contribute,/kənˈtrɪbjuːt/,'đóng góp'
contribution,/ˌkɒntrɪˈbjuːʃn/,'sự đóng góp'
control,/kənˈtrəʊl/,'kiểm soát, điều khiển'
convenient,/kənˈviːniənt/,'thuận tiện'
conversation,/ˌkɒnvəˈseɪʃn/,'cuộc trò chuyện'
convert,/kənˈvɜːt/,'chuyển đổi'
convince,/kənˈvɪns/,'thuyết phục'
cook,/kʊk/,'nấu ăn, đầu bếp'
cookie,/ˈkʊki/,'bánh quy'
cooking,/ˈkʊkɪŋ/,'việc nấu ăn'
cool,/kuːl/,'mát mẻ, ngầu'
copy,/ˈkɒpi/,'bản sao, sao chép'
core,/kɔːr/,'cốt lõi'
corner,/ˈkɔːnər/,'góc'
correct,/kəˈrekt/,'đúng, sửa lỗi'
cost,/kɒst/,'chi phí, giá'
cottage,/ˈkɒtɪdʒ/,'nhà tranh'
cotton,/ˈkɒtn/,'bông (vải)'
cough,/kɒf/,'ho'
could,/kʊd/,'có thể (quá khứ)'
council,/ˈkaʊnsl/,'hội đồng'
count,/kaʊnt/,'đếm'
country,/ˈkʌntri/,'đất nước, nông thôn'
countryside,/ˈkʌntrisaɪd/,'nông thôn'
county,/ˈkaʊnti/,'hạt, tỉnh'
couple,/ˈkʌpl/,'cặp đôi, vài'
courage,/ˈkʌrɪdʒ/,'lòng dũng cảm'
course,/kɔːs/,'khóa học, quá trình'
court,/kɔːt/,'tòa án, sân (thể thao)'
cousin,/ˈkʌzn/,'anh/chị/em họ'
cover,/ˈkʌvər/,'che phủ, bìa sách'
cow,/kaʊ/,'con bò cái'
crack,/kræk/,'vết nứt, làm nứt'
craft,/krɑːft/,'thủ công, tàu thuyền'
crash,/kræʃ/,'va chạm, sụp đổ'
crazy,/ˈkreɪzi/,'điên rồ'
cream,/kriːm/,'kem'
create,/kriˈeɪt/,'tạo ra'
creation,/kriˈeɪʃn/,'sự sáng tạo'
creative,/kriˈeɪtɪv/,'sáng tạo'
creature,/ˈkriːtʃər/,'sinh vật'
credit,/ˈkredɪt/,'tín dụng, lòng tin'
crew,/kruː/,'phi hành đoàn, đội'
crime,/kraɪm/,'tội ác'
criminal,/ˈkrɪmɪnl/,'tội phạm, thuộc tội ác'
crisis,/ˈkraɪsɪs/,'khủng hoảng'
criterion,/kraɪˈtɪəriən/,'tiêu chí'
critic,/ˈkrɪtɪk/,'nhà phê bình'
critical,/ˈkrɪtɪkl/,'phê bình, quan trọng'
criticism,/ˈkrɪtɪsɪzəm/,'sự phê bình'
criticize,/ˈkrɪtɪsaɪz/,'phê bình'
crop,/krɒp/,'vụ mùa'
cross,/krɒs/,'cây thánh giá, băng qua'
crowd,/kraʊd/,'đám đông'
crowded,/ˈkraʊdɪd/,'đông đúc'
crucial,/ˈkruːʃl/,'quan trọng, cốt yếu'
cruel,/ˈkruːəl/,'độc ác'
cry,/kraɪ/,'khóc'
cultural,/ˈkʌltʃərəl/,'thuộc văn hóa'
culture,/ˈkʌltʃər/,'văn hóa'
cup,/kʌp/,'cái cốc'
cupboard,/ˈkʌbəd/,'tủ chén'
cure,/kjʊər/,'chữa trị'
curious,/ˈkjʊəriəs/,'tò mò'
curly,/ˈkɜːli/,'xoăn'
currency,/ˈkʌrənsi/,'tiền tệ'
current,/ˈkʌrənt/,'hiện tại, dòng chảy'
currently,/ˈkʌrəntli/,'hiện tại'
curtain,/ˈkɜːtn/,'rèm cửa'
curve,/kɜːv/,'đường cong'
custom,/ˈkʌstəm/,'phong tục'
customer,/ˈkʌstəmər/,'khách hàng'
customs,/ˈkʌstəmz/,'hải quan'
cut,/kʌt/,'cắt'
cycle,/ˈsaɪkl/,'chu kỳ, đạp xe'
dad,/dæd/,'bố'
daily,/ˈdeɪli/,'hàng ngày'
damage,/ˈdæmɪdʒ/,'thiệt hại'
damp,/dæmp/,'ẩm ướt'
dance,/dɑːns/,'nhảy múa'
danger,/ˈdeɪndʒər/,'sự nguy hiểm'
dangerous,/ˈdeɪndʒərəs/,'nguy hiểm'
dark,/dɑːk/,'tối'
data,/ˈdeɪtə/,'dữ liệu'
date,/deɪt/,'ngày tháng, cuộc hẹn'
daughter,/ˈdɔːtər/,'con gái'
day,/deɪ/,'ngày'
dead,/ded/,'chết'
deaf,/def/,'điếc'
deal,/diːl/,'thỏa thuận, giao dịch'
dear,/dɪər/,'thân mến, đắt'
death,/deθ/,'cái chết'
debate,/dɪˈbeɪt/,'tranh luận'
debt,/det/,'nợ'
decade,/ˈdekeɪd/,'thập kỷ'
decay,/dɪˈkeɪ/,'sâu, mục nát, suy tàn'
December,/dɪˈsembər/,'tháng Mười Hai'
decide,/dɪˈsaɪd/,'quyết định'
decision,/dɪˈsɪʒn/,'quyết định'
declare,/dɪˈkleər/,'tuyên bố'
decline,/dɪˈklaɪn/,'từ chối, suy giảm'
decorate,/ˈdekəreɪt/,'trang trí'
decoration,/ˌdekəˈreɪʃn/,'sự trang trí'
decrease,/dɪˈkriːs/,'giảm'
deep,/diːp/,'sâu'
deeply,/ˈdiːpli/,'sâu sắc'
defeat,/dɪˈfiːt/,'đánh bại, sự thất bại'
defend,/dɪˈfend/,'phòng thủ'
defence,/dɪˈfens/,'sự phòng thủ'
define,/dɪˈfaɪn/,'định nghĩa'
definite,/ˈdefɪnət/,'xác định, rõ ràng'
definitely,/ˈdefɪnətli/,'chắc chắn'
definition,/ˌdefɪˈnɪʃn/,'định nghĩa'
degree,/dɪˈɡriː/,'bằng cấp, độ'
delay,/dɪˈleɪ/,'trì hoãn'
deliberate,/dɪˈlɪbərət/,'cố ý, thận trọng'
delicate,/ˈdelɪkət/,'tinh tế, mỏng manh'
delight,/dɪˈlaɪt/,'vui thích, niềm vui'
deliver,/dɪˈlɪvər/,'giao hàng'
delivery,/dɪˈlɪvəri/,'sự giao hàng'
demand,/dɪˈmɑːnd/,'yêu cầu, nhu cầu'
demonstrate,/ˈdemənstreɪt/,'chứng minh, biểu tình'
dentist,/ˈdentɪst/,'nha sĩ'
deny,/dɪˈnaɪ/,'phủ nhận'
department,/dɪˈpɑːtmənt/,'phòng ban'
departure,/dɪˈpɑːtʃər/,'sự khởi hành'
depend,/dɪˈpend/,'phụ thuộc'
deposit,/dɪˈpɒzɪt/,'tiền đặt cọc'
depress,/dɪˈpres/,'làm chán nản'
depth,/depθ/,'chiều sâu'
derive,/dɪˈraɪv/,'bắt nguồn từ'
describe,/dɪˈskraɪb/,'miêu tả'
description,/dɪˈskrɪpʃn/,'sự miêu tả'
desert,/ˈdezət/,'sa mạc, bỏ rơi'
deserve,/dɪˈzɜːv/,'xứng đáng'
design,/dɪˈzaɪn/,'thiết kế'
desire,/dɪˈzaɪər/,'mong muốn, khao khát'
desk,/desk/,'bàn làm việc'
desperate,/ˈdespərət/,'tuyệt vọng'
despite,/dɪˈspaɪt/,'mặc dù'
destroy,/dɪˈstrɔɪ/,'phá hủy'
destruction,/dɪˈstrʌkʃn/,'sự phá hủy'
detail,/ˈdiːteɪl/,'chi tiết'
detailed,/ˈdiːteɪld/,'chi tiết'
detect,/dɪˈtekt/,'phát hiện'
detective,/dɪˈtektɪv/,'thám tử'
determine,/dɪˈtɜːmɪn/,'xác định, quyết tâm'
determined,/dɪˈtɜːmɪnd/,'quyết tâm'
develop,/dɪˈveləp/,'phát triển'
development,/dɪˈveləpmənt/,'sự phát triển'
device,/dɪˈvaɪs/,'thiết bị'
devote,/dɪˈvəʊt/,'cống hiến'
diagram,/ˈdaɪəɡræm/,'biểu đồ'
diamond,/ˈdaɪəmənd/,'kim cương'
diary,/ˈdaɪəri/,'nhật ký'
dictionary,/ˈdɪkʃənəri/,'từ điển'
die,/daɪ/,'chết'
diet,/ˈdaɪət/,'chế độ ăn kiêng'
difference,/ˈdɪfrəns/,'sự khác biệt'
different,/ˈdɪfrənt/,'khác biệt'
difficult,/ˈdɪfɪkəlt/,'khó khăn'
difficulty,/ˈdɪfɪkəlti/,'sự khó khăn'
dig,/dɪɡ/,'đào'
digital,/ˈdɪdʒɪtl/,'kỹ thuật số'
dinner,/ˈdɪnər/,'bữa tối'
direct,/dɪˈrekt/,'trực tiếp, chỉ đường'
direction,/dɪˈrekʃn/,'phương hướng, sự chỉ dẫn'
director,/dɪˈrektər/,'giám đốc, đạo diễn'
dirt,/dɜːt/,'bụi bẩn'
dirty,/ˈdɜːti/,'bẩn'
disabled,/dɪsˈeɪbld/,'khuyết tật'
disadvantage,/ˌdɪsədˈvɑːntɪdʒ/,'bất lợi'
disagree,/ˌdɪsəˈɡriː/,'không đồng ý'
disappear,/ˌdɪsəˈpɪər/,'biến mất'
disappoint,/ˌdɪsəˈpɔɪnt/,'làm thất vọng'
disappointed,/ˌdɪsəˈpɔɪntɪd/,'thất vọng'
disappointment,/ˌdɪsəˈpɔɪntmənt/,'sự thất vọng'
disaster,/dɪˈzɑːstər/,'thảm họa'
disc,/dɪsk/,'đĩa'
discipline,/ˈdɪsəplɪn/,'kỷ luật'
discount,/ˈdɪskaʊnt/,'giảm giá'
discover,/dɪˈskʌvər/,'khám phá'
discovery,/dɪˈskʌvəri/,'sự khám phá'
discuss,/dɪˈskʌs/,'thảo luận'
discussion,/dɪˈskʌʃn/,'cuộc thảo luận'
disease,/dɪˈziːz/,'bệnh tật'
disgust,/dɪsˈɡʌst/,'làm ghê tởm'
dish,/dɪʃ/,'món ăn, cái đĩa'
dishonest,/dɪsˈɒnɪst/,'không trung thực'
disk,/dɪsk/,'đĩa'
dislike,/dɪsˈlaɪk/,'không thích'
dismiss,/dɪsˈmɪs/,'sa thải, giải tán'
display,/dɪˈspleɪ/,'trưng bày, hiển thị'
dissolve,/dɪˈzɒlv/,'hòa tan, giải thể'
distance,/ˈdɪstəns/,'khoảng cách'
distinguish,/dɪˈstɪŋɡwɪʃ/,'phân biệt'
distribute,/dɪˈstrɪbjuːt/,'phân phát'
distribution,/ˌdɪstrɪˈbjuːʃn/,'sự phân phối'
district,/ˈdɪstrɪkt/,'quận, huyện'
disturb,/dɪˈstɜːb/,'làm phiền'
divide,/dɪˈvaɪd/,'chia'
division,/dɪˈvɪʒn/,'phép chia, sự phân chia'
divorce,/dɪˈvɔːs/,'ly hôn'
do,/duː/,'làm'
doctor,/ˈdɒktər/,'bác sĩ'
document,/ˈdɒkjumənt/,'tài liệu'
dog,/dɒɡ/,'con chó'
dollar,/ˈdɒlər/,'đô la'
domestic,/dəˈmestɪk/,'trong nước, nội địa'
dominate,/ˈdɒmɪneɪt/,'thống trị'
door,/dɔːr/,'cửa ra vào'
dot,/dɒt/,'dấu chấm'
double,/ˈdʌbl/,'gấp đôi'
doubt,/daʊt/,'nghi ngờ'
down,/daʊn/,'xuống'
downstairs,/ˌdaʊnˈsteəz/,'tầng dưới'
downtown,/ˈdaʊntaʊn/,'trung tâm thành phố'
dozen,/ˈdʌzn/,'một tá'
draft,/drɑːft/,'bản nháp'
drag,/dræɡ/,'kéo, lôi'
drama,/ˈdrɑːmə/,'kịch'
dramatic,/drəˈmætɪk/,'kịch tính'
draw,/drɔː/,'vẽ, kéo'
drawing,/ˈdrɔːɪŋ/,'bản vẽ'
dream,/driːm/,'giấc mơ, mơ'
dress,/dres/,'váy, mặc quần áo'
drink,/drɪŋk/,'uống, đồ uống'
drive,/draɪv/,'lái xe'
driver,/ˈdraɪvər/,'tài xế'
drop,/drɒp/,'rơi, giọt'
drug,/drʌɡ/,'thuốc, ma túy'
drugstore,/ˈdrʌɡstɔːr/,'hiệu thuốc'
drum,/drʌm/,'cái trống'
drunk,/drʌŋk/,'say rượu'
dry,/draɪ/,'khô, làm khô'
due,/djuː/,'đến hạn'
during,/ˈdjʊərɪŋ/,'trong suốt'
dust,/dʌst/,'bụi'
duty,/ˈdjuːti/,'nhiệm vụ, thuế'
DVD,/ˌdiː viː ˈdiː/,'đĩa DVD'
each,/iːtʃ/,'mỗi'
ear,/ɪər/,'tai'
early,/ˈɜːli/,'sớm'
earn,/ɜːn/,'kiếm tiền'
earth,/ɜːθ/,'trái đất'
ease,/iːz/,'sự thanh thản, làm dịu'
easily,/ˈiːzəli/,'một cách dễ dàng'
east,/iːst/,'phía đông'
eastern,/ˈiːstən/,'thuộc phía đông'
easy,/ˈiːzi/,'dễ dàng'
eat,/iːt/,'ăn'
economic,/ˌiːkəˈnɒmɪk/,'thuộc kinh tế'
economics,/ˌiːkəˈnɒmɪks/,'kinh tế học'
economy,/ɪˈkɒnəmi/,'nền kinh tế'
edge,/edʒ/,'cạnh, rìa'
edition,/ɪˈdɪʃn/,'phiên bản, lần xuất bản'
editor,/ˈedɪtər/,'biên tập viên'
educate,/ˈedʒukeɪt/,'giáo dục'
education,/ˌedʒuˈkeɪʃn/,'nền giáo dục'
effect,/ɪˈfekt/,'hiệu ứng, ảnh hưởng'
effective,/ɪˈfektɪv/,'hiệu quả'
efficient,/ɪˈfɪʃnt/,'hiệu quả, năng suất'
effort,/ˈefət/,'nỗ lực'
egg,/eɡ/,'trứng'
either,/ˈaɪðər/,'hoặc, một trong hai'
elbow,/ˈelbəʊ/,'khuỷu tay'
elderly,/ˈeldəli/,'người cao tuổi'
elect,/ɪˈlekt/,'bầu cử'
election,/ɪˈlekʃn/,'cuộc bầu cử'
electric,/ɪˈlektrɪk/,'thuộc về điện'
electrical,/ɪˈlektrɪkl/,'thuộc về điện'
electricity,/ɪˌlekˈtrɪsəti/,'điện'
electronic,/ɪˌlekˈtrɒnɪk/,'điện tử'
elegant,/ˈelɪɡənt/,'thanh lịch'
element,/ˈelɪmənt/,'yếu tố'
elevator,/ˈelɪveɪtər/,'thang máy'
else,/els/,'khác'
elsewhere,/ˌelsˈweər/,'ở nơi khác'
email,/ˈiːmeɪl/,'thư điện tử'
embarrass,/ɪmˈbærəs/,'làm lúng túng'
emerge,/ɪˈmɜːdʒ/,'nổi lên'
emergency,/ɪˈmɜːdʒənsi/,'tình trạng khẩn cấp'
emotion,/ɪˈməʊʃn/,'cảm xúc'
emotional,/ɪˈməʊʃənl/,'đa cảm'
emphasis,/ˈemfəsɪs/,'sự nhấn mạnh'
emphasize,/ˈemfəsaɪz/,'nhấn mạnh'
empire,/ˈempaɪər/,'đế chế'
employ,/ɪmˈplɔɪ/,'thuê, tuyển dụng'
employee,/ɪmˈplɔɪiː/,'nhân viên'
employer,/ɪmˈplɔɪər/,'người sử dụng lao động'
employment,/ɪmˈplɔɪmənt/,'việc làm'
empty,/ˈempti/,'trống rỗng'
enable,/ɪˈneɪbl/,'cho phép'
encounter,/ɪnˈkaʊntər/,'gặp gỡ, chạm trán'
encourage,/ɪnˈkʌrɪdʒ/,'khuyến khích'
end,/end/,'kết thúc'
enemy,/ˈenəmi/,'kẻ thù'
energy,/ˈenədʒi/,'năng lượng'
engage,/ɪnˈɡeɪdʒ/,'tham gia, đính hôn'
engine,/ˈendʒɪn/,'động cơ'
engineer,/ˌendʒɪˈnɪər/,'kỹ sư'
engineering,/ˌendʒɪˈnɪərɪŋ/,'ngành kỹ thuật'
enhance,/ɪnˈhɑːns/,'nâng cao'
enjoy,/ɪnˈdʒɔɪ/,'thưởng thức'
enormous,/ɪˈnɔːməs/,'to lớn, khổng lồ'
enough,/ɪˈnʌf/,'đủ'
enquiry,/ɪnˈkwaɪəri/,'sự điều tra, câu hỏi'
ensure,/ɪnˈʃʊər/,'đảm bảo'
enter,/ˈentər/,'đi vào'
entertain,/ˌentəˈteɪn/,'giải trí, chiêu đãi'
entertainment,/ˌentəˈteɪnmənt/,'sự giải trí'
enthusiasm,/ɪnˈθjuːziæzəm/,'sự nhiệt tình'
entire,/ɪnˈtaɪər/,'toàn bộ'
entirely,/ɪnˈtaɪəli/,'hoàn toàn'
entitle,/ɪnˈtaɪtl/,'cho quyền'
entrance,/ˈentrəns/,'lối vào'
entry,/ˈentri/,'lối vào, mục từ'
environment,/ɪnˈvaɪrənmənt/,'môi trường'
environmental,/ɪnˌvaɪrənˈmentl/,'thuộc môi trường'
equal,/ˈiːkwəl/,'bằng nhau'
equally,/ˈiːkwəli/,'một cách công bằng'
equipment,/ɪˈkwɪpmənt/,'thiết bị'
equivalent,/ɪˈkwɪvələnt/,'tương đương'
era,/ˈɪərə/,'kỷ nguyên'
error,/ˈerər/,'lỗi'
escape,/ɪˈskeɪp/,'trốn thoát'
especially,/ɪˈspeʃəli/,'đặc biệt là'
essay,/ˈeseɪ/,'bài luận'
essential,/ɪˈsenʃl/,'thiết yếu'
establish,/ɪˈstæblɪʃ/,'thành lập'
estate,/ɪˈsteɪt/,'bất động sản, điền trang'
estimate,/ˈestɪmət/,'ước tính'
etc.,/ɪtˈsetərə/,'vân vân'
ethical,/ˈeθɪkl/,'thuộc đạo đức'
euro,/ˈjʊərəʊ/,'đồng euro'
even,/ˈiːvn/,'thậm chí, bằng phẳng'
evening,/ˈiːvnɪŋ/,'buổi tối'
event,/ɪˈvent/,'sự kiện'
eventually,/ɪˈventʃuəli/,'cuối cùng'
ever,/ˈevər/,'từng, bao giờ'
every,/ˈevri/,'mỗi'
everybody,/ˈevribɒdi/,'mọi người'
everyone,/ˈevriwʌn/,'mọi người'
everything,/ˈevriθɪŋ/,'mọi thứ'
everywhere,/ˈevriweər/,'mọi nơi'
evidence,/ˈevɪdəns/,'bằng chứng'
evil,/ˈiːvl/,'ác quỷ, xấu xa'
exact,/ɪɡˈzækt/,'chính xác'
exactly,/ɪɡˈzæktli/,'chính xác'
exaggerate,/ɪɡˈzædʒəreɪt/,'phóng đại'
exam,/ɪɡˈzæm/,'kỳ thi'
examination,/ɪɡˌzæmɪˈneɪʃn/,'kỳ thi'
examine,/ɪɡˈzæmɪn/,'kiểm tra'
example,/ɪɡˈzɑːmpl/,'ví dụ'
excellent,/ˈeksələnt/,'xuất sắc'
except,/ɪkˈsept/,'ngoại trừ'
exception,/ɪkˈsepʃn/,'ngoại lệ'
exchange,/ɪksˈtʃeɪndʒ/,'trao đổi'
excite,/ɪkˈsaɪt/,'kích thích, làm hứng thú'
exciting,/ɪkˈsaɪtɪŋ/,'thú vị'
excuse,/ɪkˈskjuːs/,'lý do, tha lỗi'
executive,/ɪɡˈzekjətɪv/,'người điều hành'
exercise,/ˈeksəsaɪz/,'bài tập'
exhibit,/ɪɡˈzɪbɪt/,'trưng bày'
exhibition,/ˌeksɪˈbɪʃn/,'triển lãm'
exist,/ɪɡˈzɪst/,'tồn tại'
existence,/ɪɡˈzɪstəns/,'sự tồn tại'
exit,/ˈeɡzɪt/,'lối ra'
expand,/ɪkˈspænd/,'mở rộng'
expect,/ɪkˈspekt/,'mong đợi'
expectation,/ˌekspekˈteɪʃn/,'sự mong đợi'
expensive,/ɪkˈspensɪv/,'đắt tiền'
experience,/ɪkˈspɪəriəns/,'kinh nghiệm'
experienced,/ɪkˈspɪəriənst/,'có kinh nghiệm'
experiment,/ɪkˈsperɪmənt/,'thí nghiệm'
expert,/ˈekspɜːt/,'chuyên gia'
explain,/ɪkˈspleɪn/,'giải thích'
explanation,/ˌekspləˈneɪʃn/,'sự giải thích'
explode,/ɪkˈspləʊd/,'nổ'
explore,/ɪkˈsplɔːr/,'khám phá'
explosion,/ɪkˈspləʊʒn/,'vụ nổ'
export,/ˈekspɔːt/,'xuất khẩu'
expose,/ɪkˈspəʊz/,'phơi bày, vạch trần'
express,/ɪkˈspres/,'bày tỏ, tàu tốc hành'
expression,/ɪkˈspreʃn/,'sự biểu lộ, thành ngữ'
extend,/ɪkˈstend/,'mở rộng, kéo dài'
extent,/ɪkˈstent/,'phạm vi, mức độ'
external,/ɪkˈstɜːnl/,'bên ngoài'
extra,/ˈekstrə/,'thêm'
extraordinary,/ɪkˈstrɔːdnri/,'phi thường'
extreme,/ɪkˈstriːm/,'cực đoan, tột cùng'
extremely,/ɪkˈstriːm.li/,'cực kỳ'
eye,/aɪ/,'mắt'
face,/feɪs/,'khuôn mặt, đối mặt'
facility,/fəˈsɪləti/,'cơ sở vật chất'
fact,/fækt/,'sự thật'
factor,/ˈfæktər/,'yếu tố'
factory,/ˈfæktəri/,'nhà máy'
fail,/feɪl/,'thất bại'
failure,/ˈfeɪljər/,'sự thất bại'
faint,/feɪnt/,'mờ nhạt, ngất xỉu'
fair,/feər/,'công bằng, hội chợ'
fairly,/ˈfeəli/,'khá, công bằng'
faith,/feɪθ/,'niềm tin'
fall,/fɔːl/,'ngã, mùa thu'
false,/fɔːls/,'sai, giả'
familiar,/fəˈmɪliər/,'quen thuộc'
family,/ˈfæməli/,'gia đình'
famous,/ˈfeɪməs/,'nổi tiếng'
fan,/fæn/,'người hâm mộ, cái quạt'
fancy,/ˈfænsi/,'trang trí, tưởng tượng'
fantastic,/fænˈtæstɪk/,'tuyệt vời'
far,/fɑːr/,'xa'
farm,/fɑːm/,'nông trại'
farmer,/ˈfɑːmər/,'nông dân'
fascinating,/ˈfæsɪneɪtɪŋ/,'hấp dẫn, lôi cuốn'
fashion,/ˈfæʃn/,'thời trang'
fast,/fɑːst/,'nhanh'
fasten,/ˈfɑːsn/,'buộc, thắt'
fat,/fæt/,'béo, mỡ'
father,/ˈfɑːðər/,'bố'
fault,/fɔːlt/,'lỗi'
favour,/ˈfeɪvər/,'sự ưu ái, ân huệ'
favourite,/ˈfeɪvərɪt/,'yêu thích'
fear,/fɪər/,'sự sợ hãi'
feature,/ˈfiːtʃər/,'đặc điểm, tính năng'
February,/ˈfebruəri/,'tháng Hai'
federal,/ˈfedərəl/,'liên bang'
fee,/fiː/,'phí'
feed,/fiːd/,'cho ăn'
feel,/fiːl/,'cảm thấy'
feeling,/ˈfiːlɪŋ/,'cảm giác'
fellow,/ˈfeləʊ/,'bạn, đồng chí'
female,/ˈfiːmeɪl/,'nữ giới'
fence,/fens/,'hàng rào'
festival,/ˈfestɪvl/,'lễ hội'
fever,/ˈfiːvər/,'cơn sốt'
few,/fjuː/,'một vài, ít'
field,/fiːld/,'cánh đồng, lĩnh vực'
fight,/faɪt/,'đánh nhau'
figure,/ˈfɪɡər/,'hình dáng, con số'
file,/faɪl/,'tệp, hồ sơ'
fill,/fɪl/,'lấp đầy'
film,/fɪlm/,'phim'
final,/ˈfaɪnl/,'cuối cùng'
finally,/ˈfaɪnəli/,'cuối cùng'
finance,/ˈfaɪnæns/,'tài chính'
financial,/faɪˈnænʃl/,'thuộc tài chính'
find,/faɪnd/,'tìm thấy'
finding,/ˈfaɪndɪŋ/,'sự khám phá'
fine,/faɪn/,'tốt, ổn, tiền phạt'
finger,/ˈfɪŋɡər/,'ngón tay'
finish,/ˈfɪnɪʃ/,'kết thúc'
fire,/ˈfaɪər/,'lửa, sa thải'
firm,/fɜːm/,'công ty, vững chắc'
first,/fɜːst/,'thứ nhất, đầu tiên'
fish,/fɪʃ/,'cá'
fishing,/ˈfɪʃɪŋ/,'câu cá'
fit,/fɪt/,'vừa vặn, phù hợp'
fix,/fɪks/,'sửa chữa, cố định'
flag,/flæɡ/,'cờ'
flame,/fleɪm/,'ngọn lửa'
flash,/flæʃ/,'lóe sáng, tia chớp'
flat,/flæt/,'căn hộ, bằng phẳng'
flavour,/ˈfleɪvər/,'hương vị'
flesh,/fleʃ/,'thịt, da thịt'
flight,/flaɪt/,'chuyến bay'
float,/fləʊt/,'nổi'
flood,/flʌd/,'lũ lụt'
floor,/flɔːr/,'sàn nhà, tầng'
flour,/ˈflaʊər/,'bột mì'
flow,/fləʊ/,'dòng chảy'
flower,/ˈflaʊər/,'hoa'
flu,/fluː/,'bệnh cúm'
fly,/flaɪ/,'bay, con ruồi'
focus,/ˈfəʊkəs/,'tập trung'
fold,/fəʊld/,'gấp, nếp gấp'
folk,/fəʊk/,'dân gian, người'
follow,/ˈfɒləʊ/,'theo sau'
following,/ˈfɒləʊɪŋ/,'tiếp theo'
food,/fuːd/,'thức ăn'
foot,/fʊt/,'bàn chân'
football,/ˈfʊtbɔːl/,'bóng đá'
for,/fɔːr/,'cho, vì'
force,/fɔːs/,'lực lượng, ép buộc'
foreign,/ˈfɒrən/,'nước ngoài'
forest,/ˈfɒrɪst/,'rừng'
forever,/fərˈevər/,'mãi mãi'
forget,/fəˈɡet/,'quên'
forgive,/fəˈɡɪv/,'tha thứ'
fork,/fɔːk/,'cái nĩa'
form,/fɔːm/,'hình thức, mẫu đơn'
formal,/ˈfɔːml/,'trang trọng'
former,/ˈfɔːmər/,'trước đây, cựu'
formula,/ˈfɔːmjələ/,'công thức'
fortune,/ˈfɔːtʃuːn/,'vận may, tài sản'
forward,/ˈfɔːwəd/,'về phía trước'
found,/faʊnd/,'thành lập'
foundation,/faʊnˈdeɪʃn/,'nền tảng, sự thành lập'
frame,/freɪm/,'khung'
free,/friː/,'miễn phí, tự do'
freedom,/ˈfriːdəm/,'sự tự do'
freeze,/friːz/,'đóng băng'
frequent,/ˈfriːkwənt/,'thường xuyên'
fresh,/freʃ/,'tươi'
Friday,/ˈfraɪdeɪ/,'thứ Sáu'
fridge,/frɪdʒ/,'tủ lạnh'
friend,/frend/,'bạn bè'
friendly,/ˈfrendli/,'thân thiện'
friendship,/ˈfrendʃɪp/,'tình bạn'
frighten,/ˈfraɪtn/,'làm hoảng sợ'
from,/frɒm/,'từ'
front,/frʌnt/,'phía trước'
frozen,/ˈfrəʊzn/,'đông lạnh'
fruit,/fruːt/,'trái cây'
fry,/fraɪ/,'chiên, rán'
fuel,/ˈfjuːəl/,'nhiên liệu'
full,/fʊl/,'đầy'
fully,/ˈfʊli/,'hoàn toàn'
fun,/fʌn/,'vui vẻ'
function,/ˈfʌŋkʃn/,'chức năng'
fund,/fʌnd/,'quỹ, tài trợ'
fundamental,/ˌfʌndəˈmentl/,'cơ bản'
funeral,/ˈfjuːnərəl/,'đám tang'
funny,/ˈfʌni/,'buồn cười'
fur,/fɜːr/,'lông thú'
furniture,/ˈfɜːnɪtʃər/,'đồ nội thất'
further,/ˈfɜːðər/,'xa hơn, thêm nữa'
future,/ˈfjuːtʃər/,'tương lai'
gain,/ɡeɪn/,'đạt được, lợi ích'
gallery,/ˈɡæləri/,'phòng trưng bày'
game,/ɡeɪm/,'trò chơi'
gang,/ɡæŋ/,'băng đảng'
gap,/ɡæp/,'khoảng trống'
garage,/ˈɡærɑːʒ/,'nhà để xe'
garden,/ˈɡɑːdn/,'vườn'
gas,/ɡæs/,'khí, xăng'
gate,/ɡeɪt/,'cổng'
gather,/ˈɡæðər/,'tụ tập, thu thập'
gear,/ɡɪər/,'bánh răng, thiết bị'
general,/ˈdʒenrəl/,'chung, đại tướng'
generally,/ˈdʒenrəli/,'nhìn chung'
generate,/ˈdʒenəreɪt/,'tạo ra'
generation,/ˌdʒenəˈreɪʃn/,'thế hệ'
generous,/ˈdʒenərəs/,'hào phóng'
gentle,/ˈdʒentl/,'nhẹ nhàng'
gentleman,/ˈdʒentlmən/,'quý ông'
geography,/dʒiˈɒɡrəfi/,'địa lý'
get,/ɡet/,'nhận, có được'
ghost,/ɡəʊst/,'ma'
giant,/ˈdʒaɪənt/,'khổng lồ'
gift,/ɡɪft/,'món quà'
girl,/ɡɜːl/,'cô gái'
girlfriend,/ˈɡɜːlfrend/,'bạn gái'
give,/ɡɪv/,'cho'
glad,/ɡlæd/,'vui mừng'
glass,/ɡlɑːs/,'thủy tinh, cái ly'
global,/ˈɡləʊbl/,'toàn cầu'
glove,/ɡlʌv/,'găng tay'
go,/ɡəʊ/,'đi'
goal,/ɡəʊl/,'mục tiêu, bàn thắng'
god,/ɡɒd/,'thần, chúa'
gold,/ɡəʊld/,'vàng'
golden,/ˈɡəʊldən/,'bằng vàng'
golf,/ɡɒlf/,'môn gôn'
good,/ɡʊd/,'tốt'
goodbye,/ˌɡʊdˈbaɪ/,'tạm biệt'
goods,/ɡʊdz/,'hàng hóa'
govern,/ˈɡʌvn/,'cai trị'
government,/ˈɡʌvənmənt/,'chính phủ'
governor,/ˈɡʌvənər/,'thống đốc'
grab,/ɡræb/,'tóm lấy'
grade,/ɡreɪd/,'lớp, điểm số'
gradual,/ˈɡrædʒuəl/,'dần dần'
graduate,/ˈɡrædʒuət/,'tốt nghiệp, sinh viên tốt nghiệp'
grain,/ɡreɪn/,'hạt'
gram,/ɡræm/,'gram'
grammar,/ˈɡræmər/,'ngữ pháp'
grand,/ɡrænd/,'lớn, vĩ đại'
grandfather,/ˈɡrænfɑːðər/,'ông'
grandmother,/ˈɡrænmʌðər/,'bà'
grandparent,/ˈɡrænpeərənt/,'ông bà'
grant,/ɡrɑːnt/,'trợ cấp, ban cho'
grass,/ɡrɑːs/,'cỏ'
grateful,/ˈɡreɪtfl/,'biết ơn'
grave,/ɡreɪv/,'ngôi mộ, nghiêm trọng'
gray,/ɡreɪ/,'màu xám'
great,/ɡreɪt/,'tuyệt vời, vĩ đại'
green,/ɡriːn/,'màu xanh lá'
greet,/ɡriːt/,'chào hỏi'
grey,/ɡreɪ/,'màu xám'
grocery,/ˈɡrəʊsəri/,'cửa hàng tạp hóa'
ground,/ɡraʊnd/,'mặt đất'
group,/ɡruːp/,'nhóm'
grow,/ɡrəʊ/,'phát triển, trồng'
growth,/ɡrəʊθ/,'sự phát triển'
guarantee,/ˌɡærənˈtiː/,'bảo đảm'
guard,/ɡɑːd/,'bảo vệ'
guess,/ɡes/,'đoán'
guest,/ɡest/,'khách'
guide,/ɡaɪd/,'hướng dẫn'
guilty,/ˈɡɪlti/,'có tội'
guitar,/ɡɪˈtɑːr/,'đàn ghi ta'
gun,/ɡʌn/,'súng'
guy,/ɡaɪ/,'chàng trai'
gym,/dʒɪm/,'phòng tập thể dục'
habit,/ˈhæbɪt/,'thói quen'
hair,/heər/,'tóc'
half,/hɑːf/,'một nửa'
hall,/hɔːl/,'hội trường'
ham,/hæm/,'thịt nguội'
hammer,/ˈhæmər/,'cái búa'
hand,/hænd/,'bàn tay'
handle,/ˈhændl/,'xử lý, tay cầm'
hang,/hæŋ/,'treo'
happen,/ˈhæpən/,'xảy ra'
happiness,/ˈhæpinəs/,'hạnh phúc'
happy,/ˈhæpi/,'hạnh phúc'
hard,/hɑːd/,'cứng, khó'
hardly,/ˈhɑːdli/,'hầu như không'
harm,/hɑːm/,'tổn hại'
harmful,/ˈhɑːmfl/,'có hại'
hat,/hæt/,'mũ'
hate,/heɪt/,'ghét'
have,/hæv/,'có'
he,/hiː/,'anh ấy'
head,/hed/,'đầu, người đứng đầu'
headache,/ˈhedeɪk/,'đau đầu'
headline,/ˈhedlaɪn/,'tiêu đề'
health,/helθ/,'sức khỏe'
healthy,/ˈhelθi/,'khỏe mạnh'
hear,/hɪər/,'nghe'
hearing,/ˈhɪərɪŋ/,'thính giác, phiên điều trần'
heart,/hɑːt/,'trái tim'
heat,/hiːt/,'nhiệt, hơi nóng'
heating,/ˈhiːtɪŋ/,'hệ thống sưởi'
heaven,/ˈhevn/,'thiên đường'
heavily,/ˈhevɪli/,'nặng nề'
heavy,/ˈhevi/,'nặng'
heel,/hiːl/,'gót chân'
height,/haɪt/,'chiều cao'
helicopter,/ˈhelɪkɒptər/,'máy bay trực thăng'
hell,/hel/,'địa ngục'
hello,/həˈləʊ/,'xin chào'
help,/help/,'giúp đỡ'
helpful,/ˈhelpfl/,'hữu ích'
her,/hɜːr/,'cô ấy, của cô ấy'
here,/hɪər/,'ở đây'
hero,/ˈhɪərəʊ/,'anh hùng'
hers,/hɜːz/,'của cô ấy'
herself,/hɜːˈself/,'chính cô ấy'
hesitate,/ˈhezɪteɪt/,'do dự'
hi,/haɪ/,'chào'
hide,/haɪd/,'trốn, che giấu'
high,/haɪ/,'cao'
highlight,/ˈhaɪlaɪt/,'làm nổi bật'
highly,/ˈhaɪli/,'rất, cao'
highway,/ˈhaɪweɪ/,'xa lộ'
hill,/hɪl/,'đồi'
him,/hɪm/,'anh ấy'
himself,/hɪmˈself/,'chính anh ấy'
hip,/hɪp/,'hông'
hire,/ˈhaɪər/,'thuê'
his,/hɪz/,'của anh ấy'
historic,/hɪˈstɒrɪk/,'mang tính lịch sử'
historical,/hɪˈstɒrɪkl/,'thuộc lịch sử'
history,/ˈhɪstri/,'lịch sử'
hit,/hɪt/,'đánh'
hobby,/ˈhɒbi/,'sở thích'
hockey,/ˈhɒki/,'khúc côn cầu'
hold,/həʊld/,'cầm, giữ'
hole,/həʊl/,'lỗ, hố'
holiday,/ˈhɒlədeɪ/,'kỳ nghỉ'
hollow,/ˈhɒləʊ/,'rỗng'
holy,/ˈhəʊli/,'thần thánh, linh thiêng'
home,/həʊm/,'nhà'
homework,/ˈhəʊmwɜːk/,'bài tập về nhà'
honest,/ˈɒnɪst/,'trung thực'
honour,/ˈɒnər/,'danh dự'
hook,/hʊk/,'cái móc'
hope,/həʊp/,'hy vọng'
horizontal,/ˌhɒrɪˈzɒntl/,'ngang'
horn,/hɔːn/,'sừng, còi xe'
horror,/ˈhɒrər/,'kinh dị'
horse,/hɔːs/,'ngựa'
hospital,/ˈhɒspɪtl/,'bệnh viện'
host,/həʊst/,'chủ nhà, tổ chức'
hot,/hɒt/,'nóng'
hotel,/həʊˈtel/,'khách sạn'
hour,/ˈaʊər/,'giờ'
house,/haʊs/,'nhà'
household,/ˈhaʊshəʊld/,'hộ gia đình'
housing,/ˈhaʊzɪŋ/,'nhà ở'
how,/haʊ/,'như thế nào'
however,/haʊˈevər/,'tuy nhiên'
huge,/hjuːdʒ/,'khổng lồ'
human,/ˈhjuːmən/,'con người'
humorous,/ˈhjuːmərəs/,'hài hước'
humour,/ˈhjuːmər/,'sự hài hước'
hundred,/ˈhʌndrəd/,'một trăm'
hungry,/ˈhʌŋɡri/,'đói'
hunt,/hʌnt/,'săn bắn'
hurry,/ˈhʌri/,'vội vàng'
hurt,/hɜːt/,'làm đau, bị đau'
husband,/ˈhʌzbənd/,'chồng'
I,/aɪ/,'tôi'
ice,/aɪs/,'băng'
ice cream,/ˌaɪs ˈkriːm/,'kem'
idea,/aɪˈdɪə/,'ý tưởng'
ideal,/aɪˈdɪəl/,'lý tưởng'
identify,/aɪˈdentɪfaɪ/,'nhận dạng'
identity,/aɪˈdentəti/,'danh tính'
if,/ɪf/,'nếu'
ignore,/ɪɡˈnɔːr/,'lờ đi'
ill,/ɪl/,'ốm'
illegal,/ɪˈliːɡl/,'bất hợp pháp'
illness,/ˈɪlnəs/,'bệnh tật'
illustrate,/ˈɪləstreɪt/,'minh họa'
image,/ˈɪmɪdʒ/,'hình ảnh'
imaginary,/ɪˈmædʒɪnəri/,'tưởng tượng'
imagination,/ɪˌmædʒɪˈneɪʃn/,'sự tưởng tượng'
imagine,/ɪˈmædʒɪn/,'tưởng tượng'
immediate,/ɪˈmiːdiət/,'ngay lập tức'
immediately,/ɪˈmiːdiətli/,'ngay lập tức'
immigrant,/ˈɪmɪɡrənt/,'người nhập cư'
impact,/ˈɪmpækt/,'tác động'
impatient,/ɪmˈpeɪʃnt/,'thiếu kiên nhẫn'
imply,/ɪmˈplaɪ/,'ngụ ý'
import,/ˈɪmpɔːt/,'nhập khẩu'
importance,/ɪmˈpɔːtns/,'tầm quan trọng'
important,/ɪmˈpɔːtnt/,'quan trọng'
impose,/ɪmˈpəʊz/,'áp đặt'
impossible,/ɪmˈpɒsəbl/,'không thể'
impress,/ɪmˈpres/,'gây ấn tượng'
impression,/ɪmˈpreʃn/,'ấn tượng'
impressive,/ɪmˈpresɪv/,'ấn tượng'
improve,/ɪmˈpruːv/,'cải thiện'
improvement,/ɪmˈpruːvmənt/,'sự cải thiện'
in,/ɪn/,'trong'
inch,/ɪntʃ/,'inch (đơn vị đo)'
incident,/ˈɪnsɪdənt/,'sự cố'
include,/ɪnˈkluːd/,'bao gồm'
including,/ɪnˈkluːdɪŋ/,'bao gồm'
income,/ˈɪnkʌm/,'thu nhập'
increase,/ɪnˈkriːs/,'tăng'
increasingly,/ɪnˈkriːsɪŋli/,'ngày càng'
indeed,/ɪnˈdiːd/,'thực vậy'
independent,/ˌɪndɪˈpendənt/,'độc lập'
index,/ˈɪndeks/,'chỉ số, mục lục'
indicate,/ˈɪndɪkeɪt/,'chỉ ra'
indirect,/ˌɪndɪˈrekt/,'gián tiếp'
individual,/ˌɪndɪˈvɪdʒuəl/,'cá nhân'
indoor,/ˈɪndɔːr/,'trong nhà'
indoors,/ˌɪnˈdɔːz/,'ở trong nhà'
industrial,/ɪnˈdʌstriəl/,'thuộc công nghiệp'
industry,/ˈɪndəstri/,'công nghiệp'
inevitable,/ɪnˈevɪtəbl/,'không thể tránh khỏi'
infect,/ɪnˈfekt/,'lây nhiễm'
infection,/ɪnˈfekʃn/,'sự lây nhiễm'
influence,/ˈɪnfluəns/,'ảnh hưởng'
inform,/ɪnˈfɔːm/,'thông báo'
informal,/ɪnˈfɔːml/,'không trang trọng'
information,/ˌɪnfəˈmeɪʃn/,'thông tin'
ingredient,/ɪnˈɡriːdiənt/,'thành phần'
initial,/ɪˈnɪʃl/,'ban đầu'
initially,/ɪˈnɪʃəli/,'ban đầu'
initiative,/ɪˈnɪʃətɪv/,'sáng kiến'
injure,/ˈɪndʒər/,'làm bị thương'
injury,/ˈɪndʒəri/,'vết thương'
ink,/ɪŋk/,'mực'
inner,/ˈɪnər/,'bên trong'
innocent,/ˈɪnəsnt/,'vô tội'
insect,/ˈɪnsekt/,'côn trùng'
insert,/ɪnˈsɜːt/,'chèn vào'
inside,/ɪnˈsaɪd/,'bên trong'
insist,/ɪnˈsɪst/,'khăng khăng'
install,/ɪnˈstɔːl/,'cài đặt'
instance,/ˈɪnstəns/,'ví dụ, trường hợp'
instead,/ɪnˈsted/,'thay vì'
institute,/ˈɪnstɪtjuːt/,'viện, học viện'
institution,/ˌɪnstɪˈtjuːʃn/,'tổ chức'
instruction,/ɪnˈstrʌkʃn/,'sự hướng dẫn'
instructor,/ɪnˈstrʌktər/,'người hướng dẫn'
instrument,/ˈɪnstrəmənt/,'nhạc cụ, công cụ'
insult,/ɪnˈsʌlt/,'lăng mạ'
insurance,/ɪnˈʃʊərəns/,'bảo hiểm'
intelligence,/ɪnˈtelɪdʒəns/,'trí thông minh'
intelligent,/ɪnˈtelɪdʒənt/,'thông minh'
intend,/ɪnˈtend/,'có ý định'
intended,/ɪnˈtendɪd/,'dự định'
intention,/ɪnˈtenʃn/,'ý định'
interest,/ˈɪntrəst/,'sự quan tâm, lãi suất'
interested,/ˈɪntrəstɪd/,'quan tâm'
interesting,/ˈɪntrəstɪŋ/,'thú vị'
internal,/ɪnˈtɜːnl/,'nội bộ, bên trong'
international,/ˌɪntəˈnæʃnəl/,'quốc tế'
internet,/ˈɪntənet/,'internet'
interpret,/ɪnˈtɜːprɪt/,'diễn giải'
interrupt,/ˌɪntəˈrʌpt/,'làm gián đoạn'
interval,/ˈɪntəvl/,'khoảng thời gian'
interview,/ˈɪntəvjuː/,'phỏng vấn'
into,/ˈɪntuː/,'vào trong'
introduce,/ˌɪntrəˈdjuːs/,'giới thiệu'
introduction,/ˌɪntrəˈdʌkʃn/,'sự giới thiệu'
invent,/ɪnˈvent/,'phát minh'
invention,/ɪnˈvenʃn/,'sự phát minh'
invest,/ɪnˈvest/,'đầu tư'
investigate,/ɪnˈvestɪɡeɪt/,'điều tra'
investigation,/ɪnˌvestɪˈɡeɪʃn/,'cuộc điều tra'
investment,/ɪnˈvestmənt/,'sự đầu tư'
invitation,/ˌɪnvɪˈteɪʃn/,'lời mời'
invite,/ɪnˈvaɪt/,'mời'
involve,/ɪnˈvɒlv/,'liên quan'
involved,/ɪnˈvɒlvd/,'có liên quan'
involvement,/ɪnˈvɒlvmənt/,'sự tham gia'
iron,/ˈaɪən/,'sắt, bàn là'
island,/ˈaɪlənd/,'hòn đảo'
issue,/ˈɪʃuː/,'vấn đề, phát hành'
it,/ɪt/,'nó'
item,/ˈaɪtəm/,'món đồ, hạng mục'
its,/ɪts/,'của nó'
itself,/ɪtˈself/,'chính nó'
jacket,/ˈdʒækɪt/,'áo khoác'
jam,/dʒæm/,'mứt, kẹt xe'
January,/ˈdʒænjuəri/,'tháng Một'
jealous,/ˈdʒeləs/,'ghen tị'
jeans,/dʒiːnz/,'quần jean'
jet,/dʒet/,'máy bay phản lực'
jewellery,/ˈdʒuːəlri/,'trang sức'
job,/dʒɒb/,'công việc'
join,/dʒɔɪn/,'tham gia, nối'
joint,/dʒɔɪnt/,'khớp, chung'
joke,/dʒəʊk/,'trò đùa'
journalist,/ˈdʒɜːnəlɪst/,'nhà báo'
journey,/ˈdʒɜːni/,'hành trình'
joy,/dʒɔɪ/,'niềm vui'
judge,/dʒʌdʒ/,'thẩm phán, phán xét'
judgement,/ˈdʒʌdʒmənt/,'sự phán xét'
juice,/dʒuːs/,'nước ép'
July,/dʒuˈlaɪ/,'tháng Bảy'
jump,/dʒʌmp/,'nhảy'
June,/dʒuːn/,'tháng Sáu'
junior,/ˈdʒuːniər/,'cấp dưới, trẻ hơn'
just,/dʒʌst/,'chỉ, vừa mới'
justice,/ˈdʒʌstɪs/,'công lý'
justify,/ˈdʒʌstɪfaɪ/,'biện minh'
keen,/kiːn/,'háo hức, sắc bén'
keep,/kiːp/,'giữ'
key,/kiː/,'chìa khóa, chính'
keyboard,/ˈkiːbɔːd/,'bàn phím'
kick,/kɪk/,'đá'
kid,/kɪd/,'đứa trẻ, nói đùa'
kill,/kɪl/,'giết'
kilogram,/ˈkɪləɡræm/,'kilogram'
kilometre,/ˈkɪləmiːtər/,'kilomet'
kind,/kaɪnd/,'tốt bụng, loại'
king,/kɪŋ/,'vua'
kiss,/kɪs/,'hôn'
kitchen,/ˈkɪtʃɪn/,'nhà bếp'
knee,/niː/,'đầu gối'
knife,/naɪf/,'con dao'
knock,/nɒk/,'gõ cửa'
know,/nəʊ/,'biết'
knowledge,/ˈnɒlɪdʒ/,'kiến thức'
lab,/læb/,'phòng thí nghiệm'
label,/ˈleɪbl/,'nhãn'
laboratory,/ləˈbɒrətəri/,'phòng thí nghiệm'
labour,/ˈleɪbər/,'lao động'
lack,/læk/,'thiếu'
lady,/ˈleɪdi/,'quý bà'
lake,/leɪk/,'hồ'
lamp,/læmp/,'đèn'
land,/lænd/,'đất liền, hạ cánh'
landscape,/ˈlændskeɪp/,'phong cảnh'
lane,/leɪn/,'làn đường'
language,/ˈlæŋɡwɪdʒ/,'ngôn ngữ'
large,/lɑːdʒ/,'rộng, lớn'
largely,/ˈlɑːdʒli/,'phần lớn'
last,/lɑːst/,'cuối cùng, kéo dài'
late,/leɪt/,'muộn'
later,/ˈleɪtər/,'sau đó'
latest,/ˈleɪtɪst/,'mới nhất'
laugh,/lɑːf/,'cười'
launch,/lɔːntʃ/,'ra mắt, phóng'
law,/lɔː/,'luật'
lawyer,/ˈlɔːjər/,'luật sư'
lay,/leɪ/,'đặt, để'
layer,/ˈleɪər/,'lớp'
lazy,/ˈleɪzi/,'lười biếng'
lead,/liːd/,'dẫn dắt, chì'
leader,/ˈliːdər/,'nhà lãnh đạo'
leading,/ˈliːdɪŋ/,'hàng đầu'
leaf,/liːf/,'lá cây'
league,/liːɡ/,'liên đoàn'
lean,/liːn/,'dựa vào, gầy'
learn,/lɜːn/,'học'
least,/liːst/,'ít nhất'
leather,/ˈleðər/,'da (thuộc)'
leave,/liːv/,'rời đi, để lại'
lecture,/ˈlektʃər/,'bài giảng'
left,/left/,'bên trái, còn lại'
leg,/leɡ/,'chân'
legal,/ˈliːɡl/,'hợp pháp'
leisure,/ˈleʒər/,'thời gian rảnh rỗi'
lemon,/ˈlemən/,'chanh vàng'
lend,/lend/,'cho vay'
length,/leŋθ/,'chiều dài'
less,/les/,'ít hơn'
lesson,/ˈlesn/,'bài học'
let,/let/,'để, cho phép'
letter,/ˈletər/,'thư, chữ cái'
level,/ˈlevl/,'mức độ, cấp độ'
liberal,/ˈlɪbərəl/,'tự do, phóng khoáng'
library,/ˈlaɪbrəri/,'thư viện'
licence,/ˈlaɪsns/,'giấy phép'
lid,/lɪd/,'nắp'
lie,/laɪ/,'nói dối, nằm'
life,/laɪf/,'cuộc sống'
lift,/lɪft/,'nâng lên, thang máy'
light,/laɪt/,'ánh sáng, nhẹ'
like,/laɪk/,'thích, giống như'
likely,/ˈlaɪkli/,'có khả năng'
limit,/ˈlɪmɪt/,'giới hạn'
limited,/ˈlɪmɪtɪd/,'hạn chế'
line,/laɪn/,'dòng kẻ, hàng'
link,/lɪŋk/,'liên kết'
lip,/lɪp/,'môi'
liquid,/ˈlɪkwɪd/,'chất lỏng'
list,/lɪst/,'danh sách'
listen,/ˈlɪsn/,'nghe'
literature,/ˈlɪtrətʃər/,'văn học'
little,/ˈlɪtl/,'nhỏ, ít'
live,/lɪv/,'sống'
lively,/ˈlaɪvli/,'sống động'
load,/ləʊd/,'tải, gánh nặng'
loan,/ləʊn/,'khoản vay'
local,/ˈləʊkl/,'địa phương'
locate,/ləʊˈkeɪt/,'xác định vị trí'
location,/ləʊˈkeɪʃn/,'vị trí'
lock,/lɒk/,'khóa'
logic,/ˈlɒdʒɪk/,'lôgic'
logical,/ˈlɒdʒɪkl/,'hợp lý'
lonely,/ˈləʊnli/,'cô đơn'
long,/lɒŋ/,'dài'
look,/lʊk/,'nhìn, trông có vẻ'
loose,/luːs/,'lỏng'
lord,/lɔːd/,'chúa tể'
lorry,/ˈlɒri/,'xe tải'
lose,/luːz/,'mất, thua'
loss,/lɒs/,'sự mất mát'
lost,/lɒst/,'bị lạc'
lot,/lɒt/,'nhiều'
loud,/laʊd/,'to, ồn ào'
love,/lʌv/,'yêu'
lovely,/ˈlʌvli/,'đáng yêu'
lover,/ˈlʌvər/,'người yêu'
low,/ləʊ/,'thấp'
lower,/ˈləʊər/,'thấp hơn, hạ xuống'
loyal,/ˈlɔɪəl/,'trung thành'
luck,/lʌk/,'may mắn'
lucky,/ˈlʌki/,'may mắn'
luggage,/ˈlʌɡɪdʒ/,'hành lý'
lump,/lʌmp/,'cục, tảng'
lunch,/lʌntʃ/,'bữa trưa'
lung,/lʌŋ/,'phổi'
machine,/məˈʃiːn/,'máy móc'
machinery,/məˈʃiːnəri/,'máy móc'
mad,/mæd/,'điên'
magazine,/ˌmæɡəˈziːn/,'tạp chí'
magic,/ˈmædʒɪk/,'phép thuật'
mail,/meɪl/,'thư'
main,/meɪn/,'chính'
mainly,/ˈmeɪnli/,'chủ yếu'
maintain,/meɪnˈteɪn/,'duy trì'
major,/ˈmeɪdʒər/,'chính, lớn'
majority,/məˈdʒɒrəti/,'đa số'
make,/meɪk/,'làm, chế tạo'
male,/meɪl/,'nam giới'
mall,/mɔːl/,'trung tâm mua sắm'
man,/mæn/,'đàn ông'
manage,/ˈmænɪdʒ/,'quản lý'
management,/ˈmænɪdʒmənt/,'sự quản lý'
manager,/ˈmænɪdʒər/,'người quản lý'
manner,/ˈmænər/,'cách thức, thái độ'
many,/ˈmeni/,'nhiều'
map,/mæp/,'bản đồ'
March,/mɑːtʃ/,'tháng Ba, diễu hành'
mark,/mɑːk/,'dấu, điểm, đánh dấu'
market,/ˈmɑːkɪt/,'chợ'
marketing,/ˈmɑːkɪtɪŋ/,'tiếp thị'
marriage,/ˈmærɪdʒ/,'hôn nhân'
married,/ˈmærid/,'đã kết hôn'
marry,/ˈmæri/,'kết hôn'
mass,/mæs/,'khối lượng, quần chúng'
massive,/ˈmæsɪv/,'to lớn, đồ sộ'
master,/ˈmɑːstər/,'bậc thầy, chủ nhân'
match,/mætʃ/,'trận đấu, diêm, phù hợp'
mate,/meɪt/,'bạn, giao phối'
material,/məˈtɪəriəl/,'vật liệu'
mathematics,/ˌmæθəˈmætɪks/,'toán học'
matter,/ˈmætər/,'vấn đề, vật chất'
maximum,/ˈmæksɪməm/,'tối đa'
may,/meɪ/,'có thể, tháng Năm'
maybe,/ˈmeɪbi/,'có lẽ'
me,/miː/,'tôi'
meal,/miːl/,'bữa ăn'
mean,/miːn/,'có nghĩa là, keo kiệt'
meaning,/ˈmiːnɪŋ/,'ý nghĩa'
means,/miːnz/,'phương tiện'
meanwhile,/ˈmiːnwaɪl/,'trong khi đó'
measure,/ˈmeʒər/,'đo lường, biện pháp'
measurement,/ˈmeʒəmənt/,'sự đo lường'
meat,/miːt/,'thịt'
media,/ˈmiːdiə/,'truyền thông'
medical,/ˈmedɪkl/,'y tế'
medicine,/ˈmedsn/,'y học, thuốc'
medium,/ˈmiːdiəm/,'trung bình, phương tiện'
meet,/miːt/,'gặp'
meeting,/ˈmiːtɪŋ/,'cuộc họp'
melt,/melt/,'tan chảy'
member,/ˈmembər/,'thành viên'
membership,/ˈmembəʃɪp/,'tư cách thành viên'
memory,/ˈmeməri/,'trí nhớ, kỷ niệm'
mental,/ˈmentl/,'tinh thần'
mention,/ˈmenʃn/,'đề cập'
menu,/ˈmenjuː/,'thực đơn'
mere,/mɪər/,'chỉ là'
merely,/ˈmɪəli/,'chỉ, đơn thuần'
mess,/mes/,'sự bừa bộn'
message,/ˈmesɪdʒ/,'tin nhắn'
metal,/ˈmetl/,'kim loại'
method,/ˈmeθəd/,'phương pháp'
metre,/ˈmiːtər/,'mét'
middle,/ˈmɪdl/,'ở giữa'
midnight,/ˈmɪdnaɪt/,'nửa đêm'
might,/maɪt/,'có thể, sức mạnh'
mild,/maɪld/,'nhẹ, dịu'
mile,/maɪl/,'dặm'
military,/ˈmɪlətri/,'quân đội'
milk,/mɪlk/,'sữa'
milligram,/ˈmɪlɪɡræm/,'miligram'
millimetre,/ˈmɪlimiːtər/,'milimet'
million,/ˈmɪljən/,'một triệu'
mind,/maɪnd/,'tâm trí, để ý'
mine,/maɪn/,'của tôi, mỏ'
minister,/ˈmɪnɪstər/,'bộ trưởng'
minor,/ˈmaɪnər/,'nhỏ, thứ yếu'
minority,/maɪˈnɒrəti/,'thiểu số'
minute,/ˈmɪnɪt/,'phút, rất nhỏ'
mirror,/ˈmɪrər/,'gương'
miss,/mɪs/,'nhớ, bỏ lỡ, cô'
mission,/ˈmɪʃn/,'nhiệm vụ'
mistake,/mɪˈsteɪk/,'lỗi'
mix,/mɪks/,'trộn'
mixed,/mɪkst/,'hỗn hợp'
mixture,/ˈmɪkstʃər/,'hỗn hợp'
mobile,/ˈməʊbaɪl/,'di động'
model,/ˈmɒdl/,'mô hình, người mẫu'
modern,/ˈmɒdən/,'hiện đại'
mom,/mɒm/,'mẹ'
moment,/ˈməʊmənt/,'khoảnh khắc'
Monday,/ˈmʌndeɪ/,'thứ Hai'
money,/ˈmʌni/,'tiền'
monitor,/ˈmɒnɪtər/,'màn hình, giám sát'
month,/mʌnθ/,'tháng'
mood,/muːd/,'tâm trạng'
moon,/muːn/,'mặt trăng'
moral,/ˈmɒrəl/,'đạo đức'
more,/mɔːr/,'hơn'
morning,/ˈmɔːnɪŋ/,'buổi sáng'
most,/məʊst/,'nhất'
mostly,/ˈməʊstli/,'hầu hết'
mother,/ˈmʌðər/,'mẹ'
motion,/ˈməʊʃn/,'sự chuyển động'
motor,/ˈməʊtər/,'động cơ'
motorcycle,/ˈməʊtəsaɪkl/,'xe máy'
mount,/maʊnt/,'núi, gắn kết'
mountain,/ˈmaʊntən/,'núi'
mouse,/maʊs/,'chuột'
mouth,/maʊθ/,'miệng'
move,/muːv/,'di chuyển'
movement,/ˈmuːvmənt/,'sự di chuyển, phong trào'
movie,/ˈmuːvi/,'phim'
much,/mʌtʃ/,'nhiều'
mud,/mʌd/,'bùn'
multiply,/ˈmʌltɪplaɪ/,'nhân'
mum,/mʌm/,'mẹ'
murder,/ˈmɜːdər/,'vụ giết người, giết người'
muscle,/ˈmʌsl/,'cơ bắp'
museum,/mjuˈziːəm/,'bảo tàng'
music,/ˈmjuːzɪk/,'âm nhạc'
musical,/ˈmjuːzɪkl/,'thuộc âm nhạc'
musician,/mjuˈzɪʃn/,'nhạc sĩ'
must,/mʌst/,'phải'
my,/maɪ/,'của tôi'
myself,/maɪˈself/,'chính tôi'
mysterious,/mɪˈstɪəriəs/,'bí ẩn'
mystery,/ˈmɪstri/,'điều bí ẩn'
nail,/neɪl/,'móng tay, đinh'
naked,/ˈneɪkɪd/,'khỏa thân'
name,/neɪm/,'tên'
narrow,/ˈnærəʊ/,'hẹp'
nation,/ˈneɪʃn/,'quốc gia'
national,/ˈnæʃnəl/,'thuộc quốc gia'
native,/ˈneɪtɪv/,'bản xứ'
natural,/ˈnætʃrəl/,'tự nhiên'
naturally,/ˈnætʃrəli/,'một cách tự nhiên'
nature,/ˈneɪtʃər/,'thiên nhiên, bản chất'
navy,/ˈneɪvi/,'hải quân'
near,/nɪər/,'gần'
nearby,/ˌnɪəˈbaɪ/,'gần đó'
nearly,/ˈnɪəli/,'gần như'
neat,/niːt/,'gọn gàng'
necessarily,/ˌnesəˈserəli/,'một cách cần thiết'
necessary,/ˈnesəsəri/,'cần thiết'
neck,/nek/,'cổ'
need,/niːd/,'cần'
needle,/ˈniːdl/,'kim'
negative,/ˈneɡətɪv/,'tiêu cực'
neighbour,/ˈneɪbər/,'hàng xóm'
neighbourhood,/ˈneɪbəhʊd/,'khu phố'
neither,/ˈnaɪðər/,'cũng không'
nephew,/ˈnefjuː/,'cháu trai'
nerve,/nɜːv/,'dây thần kinh'
nervous,/ˈnɜːvəs/,'lo lắng'
nest,/nest/,'tổ'
net,/net/,'lưới'
network,/ˈnetwɜːk/,'mạng lưới'
never,/ˈnevər/,'không bao giờ'
nevertheless,/ˌnevəðəˈles/,'tuy nhiên'
new,/njuː/,'mới'
news,/njuːz/,'tin tức'
newspaper,/ˈnjuːzpeɪpər/,'báo'
next,/nekst/,'tiếp theo'
nice,/naɪs/,'tốt, đẹp'
niece,/niːs/,'cháu gái'
night,/naɪt/,'đêm'
no,/nəʊ/,'không'
nobody,/ˈnəʊbədi/,'không ai cả'
noise,/nɔɪz/,'tiếng ồn'
noisy,/ˈnɔɪzi/,'ồn ào'
non-,/nɒn/,'không'
none,/nʌn/,'không có'
nonsense,/ˈnɒnsns/,'vô nghĩa'
nor,/nɔːr/,'cũng không'
normal,/ˈnɔːml/,'bình thường'
normally,/ˈnɔːməli/,'thông thường'
north,/nɔːθ/,'phía bắc'
northern,/ˈnɔːðən/,'thuộc phía bắc'
nose,/nəʊz/,'mũi'
not,/nɒt/,'không'
note,/nəʊt/,'ghi chú'
nothing,/ˈnʌθɪŋ/,'không có gì'
notice,/ˈnəʊtɪs/,'thông báo, chú ý'
noun,/naʊn/,'danh từ'
novel,/ˈnɒvl/,'tiểu thuyết'
November,/nəʊˈvembər/,'tháng Mười Một'
now,/naʊ/,'bây giờ'
nowhere,/ˈnəʊweər/,'không nơi nào'
nuclear,/ˈnjuːkliər/,'hạt nhân'
number,/ˈnʌmbər/,'số'
nurse,/nɜːs/,'y tá'
nut,/nʌt/,'hạt'
obey,/əˈbeɪ/,'vâng lời'
object,/ˈɒbdʒɪkt/,'vật thể, phản đối'
objective,/əbˈdʒektɪv/,'mục tiêu, khách quan'
observe,/əbˈzɜːv/,'quan sát'
obtain,/əbˈteɪn/,'đạt được'
obvious,/ˈɒbviəs/,'rõ ràng'
occasion,/əˈkeɪʒn/,'dịp'
occasionally,/əˈkeɪʒnəli/,'thỉnh thoảng'
occupy,/ˈɒkjupaɪ/,'chiếm giữ'
occur,/əˈkɜːr/,'xảy ra'
ocean,/ˈəʊʃn/,'đại dương'
o clock,/əˈklɒk/,'giờ (đúng)'
October,/ɒkˈtəʊbər/,'tháng Mười'
odd,/ɒd/,'kỳ lạ, số lẻ'
of,/ɒv/,'của'
off,/ɒf/,'tắt, khỏi'
offend,/əˈfend/,'xúc phạm'
offence,/əˈfens/,'sự vi phạm'
offensive,/əˈfensɪv/,'gây khó chịu'
offer,/ˈɒfər/,'đề nghị'
office,/ˈɒfɪs/,'văn phòng'
officer,/ˈɒfɪsər/,'sĩ quan, viên chức'
official,/əˈfɪʃl/,'chính thức'
often,/ˈɒfn/,'thường'
oh,/əʊ/,'ồ'
oil,/ɔɪl/,'dầu'
OK,/ˌəʊˈkeɪ/,'được, ổn'
old,/əʊld/,'già, cũ'
on,/ɒn/,'trên'
once,/wʌns/,'một lần'
one,/wʌn/,'một'
onion,/ˈʌnjən/,'hành tây'
online,/ˌɒnˈlaɪn/,'trực tuyến'
only,/ˈəʊnli/,'chỉ'
onto,/ˈɒntuː/,'lên trên'
open,/ˈəʊpən/,'mở'
opening,/ˈəʊpnɪŋ/,'sự khai trương, lỗ hổng'
operate,/ˈɒpəreɪt/,'vận hành, phẫu thuật'
operation,/ˌɒpəˈreɪʃn/,'sự vận hành, ca phẫu thuật'
opinion,/əˈpɪnjən/,'ý kiến'
opponent,/əˈpəʊnənt/,'đối thủ'
opportunity,/ˌɒpəˈtjuːnəti/,'cơ hội'
oppose,/əˈpəʊz/,'phản đối'
opposite,/ˈɒpəzɪt/,'đối diện, trái ngược'
opposition,/ˌɒpəˈzɪʃn/,'sự phản đối'
option,/ˈɒpʃn/,'sự lựa chọn'
or,/ɔːr/,'hoặc'
orange,/ˈɒrɪndʒ/,'cam, màu cam'
order,/ˈɔːdər/,'mệnh lệnh, đặt hàng, thứ tự'
ordinary,/ˈɔːdnri/,'bình thường'
organ,/ˈɔːɡən/,'cơ quan, đàn organ'
organization,/ˌɔːɡənaɪˈzeɪʃn/,'tổ chức'
organize,/ˈɔːɡənaɪz/,'tổ chức'
origin,/ˈɒrɪdʒɪn/,'nguồn gốc'
original,/əˈrɪdʒənl/,'nguyên bản'
other,/ˈʌðər/,'khác'
otherwise,/ˈʌðəwaɪz/,'nếu không thì'
ought to,/ˈɔːt tuː/,'nên'
our,/ˈaʊər/,'của chúng tôi'
ours,/ˈaʊəz/,'của chúng tôi'
ourselves,/ˌaʊəˈselvz/,'chính chúng tôi'
out,/aʊt/,'ra ngoài'
outdoor,/ˈaʊtdɔːr/,'ngoài trời'
outdoors,/ˌaʊtˈdɔːz/,'ở ngoài trời'
outer,/ˈaʊtər/,'bên ngoài'
outline,/ˈaʊtlaɪn/,'đường nét, phác thảo'
output,/ˈaʊtpʊt/,'đầu ra, sản lượng'
outside,/ˌaʊtˈsaɪd/,'bên ngoài'
outstanding,/ˌaʊtˈstændɪŋ/,'xuất sắc, nổi bật'
oven,/ˈʌvn/,'lò nướng'
over,/ˈəʊvər/,'trên, qua'
overall,/ˌəʊvərˈɔːl/,'tổng thể, toàn bộ'
overcome,/ˌəʊvəˈkʌm/,'vượt qua'
owe,/əʊ/,'nợ'
own,/əʊn/,'sở hữu, của riêng'
owner,/ˈəʊnər/,'chủ sở hữu'
pace,/peɪs/,'nhịp độ, bước đi'
pack,/pæk/,'gói, đóng gói'
package,/ˈpækɪdʒ/,'gói hàng'
page,/peɪdʒ/,'trang'
pain,/peɪn/,'nỗi đau'
painful,/ˈpeɪnfl/,'đau đớn'
paint,/peɪnt/,'sơn'
painter,/ˈpeɪntər/,'họa sĩ'
painting,/ˈpeɪntɪŋ/,'bức tranh'
pair,/peər/,'cặp, đôi'
palace,/ˈpæləs/,'cung điện'
pale,/peɪl/,'nhợt nhạt'
pan,/pæn/,'cái chảo'
panel,/ˈpænl/,'bảng, hội đồng'
pants,/pænts/,'quần dài'
paper,/ˈpeɪpər/,'giấy, tờ báo'
paragraph,/ˈpærəɡrɑːf/,'đoạn văn'
parent,/ˈpeərənt/,'cha mẹ'
park,/pɑːk/,'công viên, đỗ xe'
parliament,/ˈpɑːləmənt/,'nghị viện'
part,/pɑːt/,'phần'
participate,/pɑːˈtɪsɪpeɪt/,'tham gia'
particular,/pəˈtɪkjələr/,'cụ thể, đặc biệt'
particularly,/pəˈtɪkjələli/,'một cách đặc biệt'
partly,/ˈpɑːtli/,'một phần'
partner,/ˈpɑːtnər/,'đối tác'
party,/ˈpɑːti/,'bữa tiệc, đảng phái'
pass,/pɑːs/,'vượt qua, đèo'
passage,/ˈpæsɪdʒ/,'lối đi, đoạn văn'
passenger,/ˈpæsɪndʒər/,'hành khách'
passport,/ˈpɑːspɔːt/,'hộ chiếu'
past,/pɑːst/,'quá khứ'
path,/pɑːθ/,'con đường'
patience,/ˈpeɪʃns/,'sự kiên nhẫn'
patient,/ˈpeɪʃnt/,'bệnh nhân, kiên nhẫn'
pattern,/ˈpætn/,'mẫu, khuôn mẫu'
pause,/pɔːz/,'tạm dừng'
pay,/peɪ/,'trả tiền'
payment,/ˈpeɪmənt/,'sự thanh toán'
peace,/piːs/,'hòa bình'
peaceful,/ˈpiːsfl/,'yên bình'
peak,/piːk/,'đỉnh, chóp'
pen,/pen/,'bút mực'
penalty,/ˈpenəlti/,'hình phạt'
pencil,/ˈpensl/,'bút chì'
penny,/ˈpeni/,'đồng xu'
people,/ˈpiːpl/,'người'
pepper,/ˈpepər/,'tiêu, ớt'
per,/pɜːr/,'mỗi'
per cent,/pə ˈsent/,'phần trăm'
perfect,/ˈpɜːfɪkt/,'hoàn hảo'
perform,/pəˈfɔːm/,'biểu diễn, thực hiện'
performance,/pəˈfɔːməns/,'buổi biểu diễn, hiệu suất'
perhaps,/pəˈhæps/,'có lẽ'
period,/ˈpɪəriəd/,'giai đoạn, tiết học'
permanent,/ˈpɜːmənənt/,'lâu dài'
permission,/pəˈmɪʃn/,'sự cho phép'
permit,/pəˈmɪt/,'cho phép, giấy phép'
person,/ˈpɜːsn/,'người'
personal,/ˈpɜːsənl/,'cá nhân'
personality,/ˌpɜːsəˈnæləti/,'tính cách'
personally,/ˈpɜːsənəli/,'cá nhân'
persuade,/pəˈsweɪd/,'thuyết phục'
pet,/pet/,'thú cưng'
petrol,/ˈpetrəl/,'xăng'
phase,/feɪz/,'giai đoạn'
philosophy,/fəˈlɒsəfi/,'triết học'
phone,/fəʊn/,'điện thoại'
photo,/ˈfəʊtəʊ/,'ảnh'
photograph,/ˈfəʊtəɡrɑːf/,'ảnh'
phrase,/freɪz/,'cụm từ'
physical,/ˈfɪzɪkl/,'thể chất, vật lý'
physics,/ˈfɪzɪks/,'vật lý học'
piano,/piˈænəʊ/,'đàn piano'
pick,/pɪk/,'chọn, nhặt'
picture,/ˈpɪktʃər/,'bức tranh'
piece,/piːs/,'mảnh, miếng'
pig,/pɪɡ/,'con lợn'
pile,/paɪl/,'đống'
pill,/pɪl/,'viên thuốc'
pilot,/ˈpaɪlət/,'phi công'
pin,/pɪn/,'ghim'
pink,/pɪŋk/,'màu hồng'
pint,/paɪnt/,'panh (đơn vị đo)'
pipe,/paɪp/,'ống'
pitch,/pɪtʃ/,'sân, ném'
pity,/ˈpɪti/,'lòng thương hại'
place,/pleɪs/,'nơi chốn, đặt'
plain,/pleɪn/,'đồng bằng, đơn giản'
plan,/plæn/,'kế hoạch'
plane,/pleɪn/,'máy bay'
planet,/ˈplænɪt/,'hành tinh'
planning,/ˈplænɪŋ/,'sự lập kế hoạch'
plant,/plɑːnt/,'cây, nhà máy'
plastic,/ˈplæstɪk/,'nhựa'
plate,/pleɪt/,'đĩa'
platform,/ˈplætfɔːm/,'sân ga, nền tảng'
play,/pleɪ/,'chơi, vở kịch'
player,/ˈpleɪər/,'người chơi'
pleasant,/ˈpleznt/,'dễ chịu'
please,/pliːz/,'làm ơn, làm hài lòng'
pleased,/pliːzd/,'hài lòng'
pleasure,/ˈpleʒər/,'niềm vui'
plenty,/ˈplenti/,'nhiều'
plot,/plɒt/,'cốt truyện, mảnh đất'
plug,/plʌɡ/,'phích cắm'
plus,/plʌs/,'cộng, thêm vào'
pocket,/ˈpɒkɪt/,'túi quần/áo'
poem,/ˈpəʊɪm/,'bài thơ'
poetry,/ˈpəʊətri/,'thơ ca'
point,/pɔɪnt/,'điểm, chỉ'
poison,/ˈpɔɪzn/,'chất độc'
poisonous,/ˈpɔɪzənəs/,'độc'
pole,/pəʊl/,'cực, cây sào'
police,/pəˈliːs/,'cảnh sát'
policy,/ˈpɒləsi/,'chính sách'
polite,/pəˈlaɪt/,'lịch sự'
political,/pəˈlɪtɪkl/,'chính trị'
politician,/ˌpɒləˈtɪʃn/,'chính trị gia'
politics,/ˈpɒlətɪks/,'chính trị'
pollution,/pəˈluːʃn/,'sự ô nhiễm'
pool,/puːl/,'bể bơi'
poor,/pɔːr/,'nghèo, tội nghiệp'
pop,/pɒp/,'nhạc pop, tiếng nổ'
popular,/ˈpɒpjələr/,'phổ biến'
population,/ˌpɒpjuˈleɪʃn/,'dân số'
port,/pɔːt/,'cảng'
pose,/pəʊz/,'tạo dáng, đặt ra'
position,/pəˈzɪʃn/,'vị trí'
positive,/ˈpɒzətɪv/,'tích cực'
possess,/pəˈzes/,'sở hữu'
possession,/pəˈzeʃn/,'sự sở hữu'
possibility,/ˌpɒsəˈbɪləti/,'khả năng'
possible,/ˈpɒsəbl/,'có thể'
possibly,/ˈpɒsəbli/,'có lẽ'
post,/pəʊst/,'bưu điện, chức vụ, đăng'
pot,/pɒt/,'cái nồi'
potato,/pəˈteɪtəʊ/,'khoai tây'
potential,/pəˈtenʃl/,'tiềm năng'
pound,/paʊnd/,'bảng Anh, pao'
pour,/pɔːr/,'rót'
poverty,/ˈpɒvəti/,'sự nghèo đói'
powder,/ˈpaʊdər/,'bột'
power,/ˈpaʊər/,'năng lượng, sức mạnh'
powerful,/ˈpaʊəfl/,'mạnh mẽ'
practical,/ˈpræktɪkl/,'thực tế'
practice,/ˈpræktɪs/,'thực hành'
practise,/ˈpræktɪs/,'thực hành'
praise,/preɪz/,'khen ngợi'
pray,/preɪ/,'cầu nguyện'
prayer,/preər/,'lời cầu nguyện'
predict,/prɪˈdɪkt/,'dự đoán'
prefer,/prɪˈfɜːr/,'thích hơn'
preference,/ˈprefrəns/,'sự ưu tiên'
pregnant,/ˈpreɡnənt/,'mang thai'
premier,/ˈpremjər/,'thủ tướng'
preparation,/ˌprepəˈreɪʃn/,'sự chuẩn bị'
prepare,/prɪˈpeər/,'chuẩn bị'
presence,/ˈprezns/,'sự hiện diện'
present,/ˈpreznt/,'hiện tại, món quà, trình bày'
presentation,/ˌpreznˈteɪʃn/,'bài thuyết trình'
preserve,/prɪˈzɜːv/,'bảo tồn'
president,/ˈprezɪdənt/,'tổng thống, chủ tịch'
press,/pres/,'báo chí, nhấn'
pressure,/ˈpreʃər/,'áp lực'
presumably,/prɪˈzjuːməbli/,'có lẽ'
pretend,/prɪˈtend/,'giả vờ'
pretty,/ˈprɪti/,'xinh đẹp, khá'
prevent,/prɪˈvent/,'ngăn chặn'
previous,/ˈpriːviəs/,'trước đó'
price,/praɪs/,'giá cả'
pride,/praɪd/,'niềm tự hào'
priest,/priːst/,'linh mục'
primarily,/ˈpraɪmərəli/,'chủ yếu'
primary,/ˈpraɪməri/,'chính, tiểu học'
prince,/prɪns/,'hoàng tử'
princess,/prɪnˈses/,'công chúa'
principle,/ˈprɪnsəpl/,'nguyên tắc'
print,/prɪnt/,'in'
printer,/ˈprɪntər/,'máy in'
prior,/ˈpraɪər/,'trước'
priority,/praɪˈɒrəti/,'sự ưu tiên'
prison,/ˈprɪzn/,'nhà tù'
prisoner,/ˈprɪznər/,'tù nhân'
private,/ˈpraɪvət/,'riêng tư'
prize,/praɪz/,'giải thưởng'
probably,/ˈprɒbəbli/,'có lẽ'
problem,/ˈprɒbləm/,'vấn đề'
procedure,/prəˈsiːdʒər/,'thủ tục'
proceed,/prəˈsiːd/,'tiến hành'
process,/ˈprəʊses/,'quá trình'
produce,/prəˈdjuːs/,'sản xuất'
producer,/prəˈdjuːsər/,'nhà sản xuất'
product,/ˈprɒdʌkt/,'sản phẩm'
production,/prəˈdʌkʃn/,'sự sản xuất'
profession,/prəˈfeʃn/,'nghề nghiệp'
professional,/prəˈfeʃənl/,'chuyên nghiệp'
professor,/prəˈfesər/,'giáo sư'
profile,/ˈprəʊfaɪl/,'hồ sơ'
profit,/ˈprɒfɪt/,'lợi nhuận'
program,/ˈprəʊɡræm/,'chương trình'
programme,/ˈprəʊɡræm/,'chương trình'
progress,/ˈprəʊɡres/,'sự tiến bộ'
project,/ˈprɒdʒekt/,'dự án'
promise,/ˈprɒmɪs/,'lời hứa, hứa'
promote,/prəˈməʊt/,'thúc đẩy, thăng chức'
prompt,/prɒmpt/,'nhắc nhở, nhanh chóng'
pronounce,/prəˈnaʊns/,'phát âm'
pronunciation,/prəˌnʌnsiˈeɪʃn/,'cách phát âm'
proof,/pruːf/,'bằng chứng'
proper,/ˈprɒpər/,'đúng, thích hợp'
property,/ˈprɒpəti/,'tài sản'
proportion,/prəˈpɔːʃn/,'tỷ lệ'
proposal,/prəˈpəʊzl/,'sự đề xuất'
propose,/prəˈpəʊz/,'đề xuất, cầu hôn'
prospect,/ˈprɒspekt/,'triển vọng'
protect,/prəˈtekt/,'bảo vệ'
protection,/prəˈtekʃn/,'sự bảo vệ'
protest,/ˈprəʊtest/,'phản đối'
proud,/praʊd/,'tự hào'
prove,/pruːv/,'chứng minh'
provide,/prəˈvaɪd/,'cung cấp'
psychological,/ˌsaɪkəˈlɒdʒɪkl/,'thuộc tâm lý'
psychology,/saɪˈkɒlədʒi/,'tâm lý học'
pub,/pʌb/,'quán rượu'
public,/ˈpʌblɪk/,'công cộng'
publication,/ˌpʌblɪˈkeɪʃn/,'sự xuất bản'
publish,/ˈpʌblɪʃ/,'xuất bản'
pull,/pʊl/,'kéo'
punch,/pʌntʃ/,'đấm'
punish,/ˈpʌnɪʃ/,'trừng phạt'
punishment,/ˈpʌnɪʃmənt/,'sự trừng phạt'
pupil,/ˈpjuːpl/,'học sinh, đồng tử'
purchase,/ˈpɜːtʃəs/,'mua'
pure,/pjʊər/,'tinh khiết'
purple,/ˈpɜːpl/,'màu tím'
purpose,/ˈpɜːpəs/,'mục đích'
pursue,/pəˈsjuː/,'theo đuổi'
push,/pʊʃ/,'đẩy'
put,/pʊt/,'đặt, để'
qualification,/ˌkwɒlɪfɪˈkeɪʃn/,'bằng cấp, năng lực'
qualify,/ˈkwɒlɪfaɪ/,'đủ điều kiện'
quality,/ˈkwɒləti/,'chất lượng'
quantity,/ˈkwɒntəti/,'số lượng'
quarter,/ˈkwɔːtər/,'một phần tư'
queen,/kwiːn/,'nữ hoàng'
question,/ˈkwestʃən/,'câu hỏi'
queue,/kjuː/,'hàng đợi'
quick,/kwɪk/,'nhanh'
quickly,/ˈkwɪkli/,'nhanh chóng'
quiet,/ˈkwaɪət/,'yên tĩnh'
quit,/kwɪt/,'từ bỏ'
quite,/kwaɪt/,'khá'
quote,/kwəʊt/,'trích dẫn'
race,/reɪs/,'cuộc đua, chủng tộc'
racing,/ˈreɪsɪŋ/,'đua xe'
radio,/ˈreɪdiəʊ/,'radio'
rail,/reɪl/,'đường ray'
railway,/ˈreɪlweɪ/,'đường sắt'
rain,/reɪn/,'mưa'
raise,/reɪz/,'nâng lên, nuôi nấng'
range,/reɪndʒ/,'phạm vi'
rank,/ræŋk/,'cấp bậc, xếp hạng'
rapid,/ˈræpɪd/,'nhanh chóng'
rare,/reər/,'hiếm'
rate,/reɪt/,'tỷ lệ, đánh giá'
rather,/ˈrɑːðər/,'khá, hơn là'
ratio,/ˈreɪʃiəʊ/,'tỷ lệ'
raw,/rɔː/,'sống, thô'
reach,/riːtʃ/,'đạt tới, tầm với'
react,/riˈækt/,'phản ứng'
reaction,/riˈækʃn/,'sự phản ứng'
read,/riːd/,'đọc'
reader,/ˈriːdər/,'độc giả'
reading,/ˈriːdɪŋ/,'việc đọc'
ready,/ˈredi/,'sẵn sàng'
real,/rɪəl/,'thực'
realistic,/ˌrɪəˈlɪstɪk/,'thực tế'
reality,/riˈæləti/,'thực tế'
realize,/ˈrɪəlaɪz/,'nhận ra'
really,/ˈrɪəli/,'thực sự'
rear,/rɪər/,'phía sau, nuôi dưỡng'
reason,/ˈriːzn/,'lý do'
reasonable,/ˈriːznəbl/,'hợp lý'
recall,/rɪˈkɔːl/,'gợi lại, thu hồi'
receipt,/rɪˈsiːt/,'biên lai'
receive,/rɪˈsiːv/,'nhận'
recent,/ˈriːsnt/,'gần đây'
reception,/rɪˈsepʃn/,'lễ tân, sự đón tiếp'
recipe,/ˈresəpi/,'công thức nấu ăn'
recognize,/ˈrekəɡnaɪz/,'nhận ra'
recommend,/ˌrekəˈmend/,'giới thiệu, đề nghị'
record,/ˈrekɔːd/,'kỷ lục, ghi âm'
recover,/rɪˈkʌvər/,'phục hồi'
recycle,/ˌriːˈsaɪkl/,'tái chế'
red,/red/,'màu đỏ'
reduce,/rɪˈdjuːs/,'giảm'
reduction,/rɪˈdʌkʃn/,'sự giảm bớt'
refer,/rɪˈfɜːr/,'tham khảo, đề cập'
reference,/ˈrefrəns/,'sự tham khảo'
reflect,/rɪˈflekt/,'phản chiếu, phản ánh'
reform,/rɪˈfɔːm/,'cải cách'
refrigerator,/rɪˈfrɪdʒəreɪtər/,'tủ lạnh'
refuse,/rɪˈfjuːz/,'từ chối'
regard,/rɪˈɡɑːd/,'coi như, quan tâm'
regarding,/rɪˈɡɑːdɪŋ/,'liên quan đến'
region,/ˈriːdʒən/,'vùng, khu vực'
regional,/ˈriːdʒənl/,'thuộc vùng'
register,/ˈredʒɪstər/,'đăng ký'
regret,/rɪˈɡret/,'hối tiếc'
regular,/ˈreɡjələr/,'thường xuyên, đều đặn'
regulation,/ˌreɡjuˈleɪʃn/,'quy định'
reject,/rɪˈdʒekt/,'từ chối'
relate,/rɪˈleɪt/,'liên quan'
related,/rɪˈleɪtɪd/,'có liên quan'
relation,/rɪˈleɪʃn/,'mối quan hệ'
relationship,/rɪˈleɪʃnʃɪp/,'mối quan hệ'
relative,/ˈrelətɪv/,'họ hàng, tương đối'
relax,/rɪˈlæks/,'thư giãn'
release,/rɪˈliːs/,'phát hành, thả'
relevant,/ˈreləvənt/,'liên quan'
relief,/rɪˈliːf/,'sự cứu trợ, sự nhẹ nhõm'
religion,/rɪˈlɪdʒən/,'tôn giáo'
religious,/rɪˈlɪdʒəs/,'thuộc tôn giáo'
rely,/rɪˈlaɪ/,'phụ thuộc, tin cậy'
remain,/rɪˈmeɪn/,'còn lại'
remaining,/rɪˈmeɪnɪŋ/,'còn lại'
remains,/rɪˈmeɪnz/,'phần còn lại, di hài'
remark,/rɪˈmɑːk/,'nhận xét'
remarkable,/rɪˈmɑːkəbl/,'đáng chú ý'
remember,/rɪˈmembər/,'nhớ'
remind,/rɪˈmaɪnd/,'nhắc nhở'
remote,/rɪˈməʊt/,'xa xôi'
remove,/rɪˈmuːv/,'loại bỏ'
rent,/rent/,'thuê'
repair,/rɪˈpeər/,'sửa chữa'
repeat,/rɪˈpiːt/,'lặp lại'
replace,/rɪˈpleɪs/,'thay thế'
reply,/rɪˈplaɪ/,'trả lời'
report,/rɪˈpɔːt/,'báo cáo'
represent,/ˌreprɪˈzent/,'đại diện'
representative,/ˌreprɪˈzentətɪv/,'người đại diện'
republic,/rɪˈpʌblɪk/,'nền cộng hòa'
reputation,/ˌrepjuˈteɪʃn/,'danh tiếng'
request,/rɪˈkwest/,'yêu cầu'
require,/rɪˈkwaɪər/,'yêu cầu, đòi hỏi'
requirement,/rɪˈkwaɪəmənt/,'yêu cầu'
rescue,/ˈreskjuː/,'cứu hộ'
research,/rɪˈsɜːtʃ/,'nghiên cứu'
reservation,/ˌrezəˈveɪʃn/,'sự đặt chỗ'
reserve,/rɪˈzɜːv/,'dự trữ, đặt trước'
resident,/ˈrezɪdənt/,'cư dân'
resist,/rɪˈzɪst/,'chống cự'
resistance,/rɪˈzɪstəns/,'sự kháng cự'
resolve,/rɪˈzɒlv/,'giải quyết'
resort,/rɪˈzɔːt/,'khu nghỉ dưỡng'
resource,/rɪˈsɔːs/,'nguồn lực'
respect,/rɪˈspekt/,'tôn trọng'
respond,/rɪˈspɒnd/,'phản hồi'
response,/rɪˈspɒns/,'sự phản hồi'
responsibility,/rɪˌspɒnsəˈbɪləti/,'trách nhiệm'
responsible,/rɪˈspɒnsəbl/,'có trách nhiệm'
rest,/rest/,'nghỉ ngơi, phần còn lại'
restaurant,/ˈrestrɒnt/,'nhà hàng'
restore,/rɪˈstɔːr/,'khôi phục'
restrict,/rɪˈstrɪkt/,'hạn chế'
result,/rɪˈzʌlt/,'kết quả'
retain,/rɪˈteɪn/,'giữ lại'
retire,/rɪˈtaɪər/,'nghỉ hưu'
return,/rɪˈtɜːn/,'trở về, trả lại'
reveal,/rɪˈviːl/,'tiết lộ'
reverse,/rɪˈvɜːs/,'đảo ngược'
review,/rɪˈvjuː/,'xem lại, bài đánh giá'
revise,/rɪˈvaɪz/,'xem lại, sửa đổi'
revolution,/ˌrevəˈluːʃn/,'cuộc cách mạng'
reward,/rɪˈwɔːd/,'phần thưởng'
rhythm,/ˈrɪðəm/,'nhịp điệu'
rice,/raɪs/,'gạo, cơm'
rich,/rɪtʃ/,'giàu'
rid,/rɪd/,'thoát khỏi'
ride,/raɪd/,'cưỡi, đi xe'
right,/raɪt/,'đúng, bên phải, quyền'
ring,/rɪŋ/,'nhẫn, chuông reo'
rise,/raɪz/,'tăng lên, mọc'
risk,/rɪsk/,'rủi ro'
rival,/ˈraɪvl/,'đối thủ'
river,/ˈrɪvər/,'sông'
road,/rəʊd/,'con đường'
rob,/rɒb/,'cướp'
rock,/rɒk/,'đá, nhạc rock'
role,/rəʊl/,'vai trò'
roll,/rəʊl/,'cuộn, lăn'
romantic,/rəʊˈmæntɪk/,'lãng mạn'
roof,/ruːf/,'mái nhà'
room,/ruːm/,'phòng'
root,/ruːt/,'rễ cây, nguồn gốc'
rope,/rəʊp/,'dây thừng'
rough,/rʌf/,'gồ ghề, thô'
round,/raʊnd/,'tròn, vòng'
route,/ruːt/,'tuyến đường'
routine,/ruːˈtiːn/,'thói quen hàng ngày'
row,/rəʊ/,'hàng, chèo thuyền'
royal,/ˈrɔɪəl/,'hoàng gia'
rub,/rʌb/,'cọ xát'
rubber,/ˈrʌbər/,'cao su, cục tẩy'
rubbish,/ˈrʌbɪʃ/,'rác'
rude,/ruːd/,'thô lỗ'
rugby,/ˈrʌɡbi/,'bóng bầu dục'
ruin,/ˈruːɪn/,'phá hoại, tàn tích'
rule,/ruːl/,'quy tắc, cai trị'
ruler,/ˈruːlər/,'người cai trị, thước kẻ'
rumour,/ˈruːmər/,'tin đồn'
run,/rʌn/,'chạy'
runner,/ˈrʌnər/,'người chạy'
rural,/ˈrʊərəl/,'nông thôn'
rush,/rʌʃ/,'vội vàng, xông lên'
sad,/sæd/,'buồn'
safe,/seɪf/,'an toàn'
safety,/ˈseɪfti/,'sự an toàn'
sail,/seɪl/,'buồm, đi thuyền'
sailing,/ˈseɪlɪŋ/,'môn thuyền buồm'
sailor,/ˈseɪlər/,'thủy thủ'
salad,/ˈsæləd/,'sa lát'
salary,/ˈsæləri/,'lương'
sale,/seɪl/,'bán hàng, giảm giá'
salt,/sɔːlt/,'muối'
same,/seɪm/,'giống nhau'
sample,/ˈsɑːmpl/,'mẫu'
sand,/sænd/,'cát'
sandwich,/ˈsænwɪdʒ/,'bánh mì kẹp'
satellite,/ˈsætəlaɪt/,'vệ tinh'
satisfaction,/ˌsætɪsˈfækʃn/,'sự hài lòng'
satisfied,/ˈsætɪsfaɪd/,'hài lòng'
satisfy,/ˈsætɪsfaɪ/,'làm hài lòng'
Saturday,/ˈsætədeɪ/,'thứ Bảy'
sauce,/sɔːs/,'nước sốt'
save,/seɪv/,'cứu, tiết kiệm, lưu'
say,/seɪ/,'nói'
scale,/skeɪl/,'cái cân, quy mô'
scare,/skeər/,'làm sợ hãi'
scared,/skeəd/,'sợ hãi'
scarf,/skɑːf/,'khăn quàng cổ'
scene,/siːn/,'cảnh'
schedule,/ˈʃedjuːl/,'lịch trình'
scheme,/skiːm/,'kế hoạch, âm mưu'
school,/skuːl/,'trường học'
science,/ˈsaɪəns/,'khoa học'
scientific,/ˌsaɪənˈtɪfɪk/,'thuộc khoa học'
scientist,/ˈsaɪəntɪst/,'nhà khoa học'
scissors,/ˈsɪzəz/,'cái kéo'
score,/skɔːr/,'điểm số'
scratch,/skrætʃ/,'cào, vết xước'
scream,/skriːm/,'hét'
screen,/skriːn/,'màn hình'
screw,/skruː/,'đinh vít'
sea,/siː/,'biển'
seal,/siːl/,'hải cẩu, niêm phong'
search,/sɜːtʃ/,'tìm kiếm'
season,/ˈsiːzn/,'mùa'
seat,/siːt/,'chỗ ngồi'
second,/ˈsekənd/,'thứ hai, giây'
secondary,/ˈsekəndəri/,'thứ cấp, trung học'
secret,/ˈsiːkrət/,'bí mật'
secretary,/ˈsekrətri/,'thư ký'
section,/ˈsekʃn/,'phần, khu vực'
sector,/ˈsektər/,'khu vực, lĩnh vực'
secure,/sɪˈkjʊər/,'an toàn, bảo đảm'
security,/sɪˈkjʊərəti/,'an ninh'
see,/siː/,'nhìn thấy'
seed,/siːd/,'hạt giống'
seek,/siːk/,'tìm kiếm'
seem,/siːm/,'dường như'
select,/sɪˈlekt/,'lựa chọn'
selection,/sɪˈlekʃn/,'sự lựa chọn'
self,/self/,'bản thân'
sell,/sel/,'bán'
senate,/ˈsenət/,'thượng viện'
senator,/ˈsenətər/,'thượng nghị sĩ'
send,/send/,'gửi'
senior,/ˈsiːniər/,'cao cấp, lớn tuổi hơn'
sense,/sens/,'giác quan, ý thức'
sensible,/ˈsensəbl/,'hợp lý'
sensitive,/ˈsensətɪv/,'nhạy cảm'
sentence,/ˈsentəns/,'câu, bản án'
separate,/ˈsepərət/,'riêng biệt, tách ra'
September,/sepˈtembər/,'tháng Chín'
sequence,/ˈsiːkwəns/,'chuỗi, trình tự'
series,/ˈsɪəriːz/,'loạt, chuỗi'
serious,/ˈsɪəriəs/,'nghiêm trọng'
servant,/ˈsɜːvənt/,'người hầu'
serve,/sɜːv/,'phục vụ'
service,/ˈsɜːvɪs/,'dịch vụ'
session,/ˈseʃn/,'phiên, buổi'
set,/set/,'bộ, đặt'
settle,/ˈsetl/,'giải quyết, định cư'
seven,/ˈsevn/,'bảy'
several,/ˈsevrəl/,'một vài'
severe,/sɪˈvɪər/,'nghiêm trọng'
sew,/səʊ/,'may, khâu'
sex,/seks/,'giới tính'
sexual,/ˈsekʃuəl/,'thuộc giới tính'
shade,/ʃeɪd/,'bóng râm'
shadow,/ˈʃædəʊ/,'bóng'
shake,/ʃeɪk/,'lắc, rung'
shall,/ʃæl/,'sẽ'
shallow,/ˈʃæləʊ/,'nông, cạn'
shame,/ʃeɪm/,'sự xấu hổ'
shape,/ʃeɪp/,'hình dạng'
share,/ʃeər/,'chia sẻ, cổ phần'
sharp,/ʃɑːp/,'sắc, nhọn'
shave,/ʃeɪv/,'cạo'
she,/ʃiː/,'cô ấy'
sheep,/ʃiːp/,'con cừu'
sheet,/ʃiːt/,'tờ giấy, ga trải giường'
shelf,/ʃelf/,'giá, kệ'
shell,/ʃel/,'vỏ'
shelter,/ˈʃeltər/,'nơi trú ẩn'
shift,/ʃɪft/,'ca làm việc, sự thay đổi'
shine,/ʃaɪn/,'tỏa sáng'
shiny,/ˈʃaɪni/,'sáng bóng'
ship,/ʃɪp/,'tàu thủy'
shirt,/ʃɜːt/,'áo sơ mi'
shock,/ʃɒk/,'cú sốc'
shoe,/ʃuː/,'giày'
shoot,/ʃuːt/,'bắn'
shop,/ʃɒp/,'cửa hàng'
shopping,/ˈʃɒpɪŋ/,'mua sắm'
short,/ʃɔːt/,'ngắn, thấp'
shot,/ʃɒt/,'phát bắn, cú sút'
should,/ʃʊd/,'nên'
shoulder,/ˈʃəʊldər/,'vai'
shout,/ʃaʊt/,'hét'
show,/ʃəʊ/,'cho xem, buổi biểu diễn'
shower,/ˈʃaʊər/,'vòi hoa sen, tắm'
shut,/ʃʌt/,'đóng'
shy,/ʃaɪ/,'nhút nhát'
sick,/sɪk/,'ốm'
side,/saɪd/,'bên, cạnh'
sideways,/ˈsaɪdweɪz/,'ngang'
sigh,/saɪ/,'thở dài'
sight,/saɪt/,'tầm nhìn, cảnh tượng'
sign,/saɪn/,'dấu hiệu, ký tên'
signal,/ˈsɪɡnəl/,'tín hiệu'
signature,/ˈsɪɡnətʃər/,'chữ ký'
significant,/sɪɡˈnɪfɪkənt/,'quan trọng, đáng kể'
silence,/ˈsaɪləns/,'sự im lặng'
silent,/ˈsaɪlənt/,'im lặng'
silk,/sɪlk/,'lụa'
silly,/ˈsɪli/,'ngớ ngẩn'
silver,/ˈsɪlvər/,'bạc'
similar,/ˈsɪmələr/,'tương tự'
simple,/ˈsɪmpl/,'đơn giản'
since,/sɪns/,'từ khi, bởi vì'
sincere,/sɪnˈsɪər/,'chân thành'
sing,/sɪŋ/,'hát'
singer,/ˈsɪŋər/,'ca sĩ'
single,/ˈsɪŋɡl/,'đơn, độc thân'
sink,/sɪŋk/,'chìm, bồn rửa'
sir,/sɜːr/,'thưa ông'
sister,/ˈsɪstər/,'chị/em gái'
sit,/sɪt/,'ngồi'
site,/saɪt/,'địa điểm'
situation,/ˌsɪtʃuˈeɪʃn/,'tình hình'
six,/sɪks/,'sáu'
size,/saɪz/,'kích thước'
ski,/skiː/,'trượt tuyết'
skill,/skɪl/,'kỹ năng'
skin,/skɪn/,'da'
skirt,/skɜːt/,'váy'
sky,/skaɪ/,'bầu trời'
sleep,/sliːp/,'ngủ'
sleeve,/sliːv/,'tay áo'
slice,/slaɪs/,'lát, miếng'
slide,/slaɪd/,'trượt, cầu trượt'
slight,/slaɪt/,'nhẹ, một chút'
slip,/slɪp/,'trượt chân'
slope,/sləʊp/,'dốc'
slow,/sləʊ/,'chậm'
small,/smɔːl/,'nhỏ'
smart,/smɑːt/,'thông minh'
smash,/smæʃ/,'đập vỡ'
smell,/smel/,'ngửi, mùi'
smile,/smaɪl/,'cười'
smoke,/sməʊk/,'khói, hút thuốc'
smooth,/smuːð/,'mịn, trơn'
snake,/sneɪk/,'rắn'
snow,/snəʊ/,'tuyết'
so,/səʊ/,'vì vậy, rất'
soap,/səʊp/,'xà phòng'
social,/ˈsəʊʃl/,'xã hội'
society,/səˈsaɪəti/,'xã hội'
sock,/sɒk/,'tất'
soft,/sɒft/,'mềm'
software,/ˈsɒftweər/,'phần mềm'
soil,/sɔɪl/,'đất'
soldier,/ˈsəʊldʒər/,'người lính'
solid,/ˈsɒlɪd/,'rắn, vững chắc'
solution,/səˈluːʃn/,'giải pháp'
solve,/sɒlv/,'giải quyết'
some,/sʌm/,'một vài'
somebody,/ˈsʌmbədi/,'ai đó'
somehow,/ˈsʌmhaʊ/,'bằng cách nào đó'
someone,/ˈsʌmwʌn/,'ai đó'
something,/ˈsʌmθɪŋ/,'một cái gì đó'
sometimes,/ˈsʌmtaɪmz/,'thỉnh thoảng'
somewhat,/ˈsʌmwɒt/,'hơi, một chút'
somewhere,/ˈsʌmweər/,'ở đâu đó'
son,/sʌn/,'con trai'
song,/sɒŋ/,'bài hát'
soon,/suːn/,'sớm'
sorry,/ˈsɒri/,'xin lỗi'
sort,/sɔːt/,'loại, sắp xếp'
soul,/səʊl/,'linh hồn'
sound,/saʊnd/,'âm thanh, nghe có vẻ'
soup,/suːp/,'súp'
sour,/ˈsaʊər/,'chua'
source,/sɔːs/,'nguồn'
south,/saʊθ/,'phía nam'
southern,/ˈsʌðən/,'thuộc phía nam'
space,/speɪs/,'không gian'
spare,/speər/,'thừa, dự phòng'
speak,/spiːk/,'nói'
speaker,/ˈspiːkər/,'người nói, cái loa'
special,/ˈspeʃl/,'đặc biệt'
specialist,/ˈspeʃəlɪst/,'chuyên gia'
specific,/spəˈsɪfɪk/,'cụ thể'
speech,/spiːtʃ/,'bài phát biểu'
speed,/spiːd/,'tốc độ'
spell,/spel/,'đánh vần, câu thần chú'
spend,/spend/,'tiêu, dành'
spice,/spaɪs/,'gia vị'
spicy,/ˈspaɪsi/,'cay'
spider,/ˈspaɪdər/,'con nhện'
spin,/spɪn/,'quay'
spirit,/ˈspɪrɪt/,'tinh thần, linh hồn'
spiritual,/ˈspɪrɪtʃuəl/,'thuộc tinh thần'
spite,/spaɪt/,'sự thù hận'
split,/splɪt/,'chia, tách'
spoil,/spɔɪl/,'làm hỏng, chiều chuộng'
spoken,/ˈspəʊkən/,'được nói'
spoon,/spuːn/,'cái thìa'
sport,/spɔːt/,'thể thao'
spot,/spɒt/,'dấu, đốm, địa điểm'
spread,/spred/,'lan rộng, trải ra'
spring,/sprɪŋ/,'mùa xuân, lò xo'
square,/skweər/,'hình vuông, quảng trường'
squeeze,/skwiːz/,'vắt, ép'
stable,/ˈsteɪbl/,'ổn định, chuồng ngựa'
staff,/stɑːf/,'nhân viên'
stage,/steɪdʒ/,'sân khấu, giai đoạn'
stair,/steər/,'bậc thang'
stamp,/stæmp/,'con tem, dậm chân'
stand,/stænd/,'đứng'
standard,/ˈstændəd/,'tiêu chuẩn'
star,/stɑːr/,'ngôi sao'
stare,/steər/,'nhìn chằm chằm'
start,/stɑːt/,'bắt đầu'
state,/steɪt/,'trạng thái, tiểu bang, phát biểu'
statement,/ˈsteɪtmənt/,'lời tuyên bố'
station,/ˈsteɪʃn/,'nhà ga'
statistic,/stəˈtɪstɪk/,'số liệu thống kê'
statue,/ˈstætjuː/,'tượng'
status,/ˈsteɪtəs/,'địa vị, tình trạng'
stay,/steɪ/,'ở lại'
steady,/ˈstedi/,'vững chắc, đều đặn'
steal,/stiːl/,'ăn cắp'
steam,/stiːm/,'hơi nước'
steel,/stiːl/,'thép'
steep,/stiːp/,'dốc'
steer,/stɪər/,'lái'
step,/step/,'bước'
stick,/stɪk/,'cây gậy, dán'
stiff,/stɪf/,'cứng'
still,/stɪl/,'vẫn, tĩnh lặng'
sting,/stɪŋ/,'chích, đốt'
stir,/stɜːr/,'khuấy'
stock,/stɒk/,'kho hàng, cổ phiếu'
stomach,/ˈstʌmək/,'dạ dày'
stone,/stəʊn/,'đá'
stop,/stɒp/,'dừng lại'
store,/stɔːr/,'cửa hàng, lưu trữ'
storm,/stɔːm/,'bão'
story,/ˈstɔːri/,'câu chuyện'
stove,/stəʊv/,'bếp lò'
straight,/streɪt/,'thẳng'
strange,/streɪndʒ/,'lạ'
stranger,/ˈstreɪndʒər/,'người lạ'
strategy,/ˈstrætədʒi/,'chiến lược'
stream,/striːm/,'dòng suối'
street,/striːt/,'đường phố'
strength,/streŋθ/,'sức mạnh'
stress,/stres/,'căng thẳng, nhấn mạnh'
stretch,/stretʃ/,'kéo dài, duỗi ra'
strict,/strɪkt/,'nghiêm khắc'
strike,/straɪk/,'đình công, đánh'
string,/strɪŋ/,'dây'
strip,/strɪp/,'dải, cởi'
stripe,/straɪp/,'sọc'
stroke,/strəʊk/,'cú đánh, đột quỵ'
strong,/strɒŋ/,'mạnh'
structure,/ˈstrʌktʃər/,'cấu trúc'
struggle,/ˈstrʌɡl/,'đấu tranh'
student,/ˈstjuːdnt/,'sinh viên'
studio,/ˈstjuːdiəʊ/,'phòng thu'
study,/ˈstʌdi/,'học'
stuff,/stʌf/,'đồ đạc'
stupid,/ˈstjuːpɪd/,'ngu ngốc'
style,/staɪl/,'phong cách'
subject,/ˈsʌbdʒɪkt/,'chủ đề, môn học'
submit,/səbˈmɪt/,'nộp, đệ trình'
substance,/ˈsʌbstəns/,'chất'
substantial,/səbˈstænʃl/,'đáng kể, thực chất'
substitute,/ˈsʌbstɪtjuːt/,'thay thế'
succeed,/səkˈsiːd/,'thành công'
success,/səkˈses/,'sự thành công'
successful,/səkˈsesfl/,'thành công'
such,/sʌtʃ/,'như vậy'
suck,/sʌk/,'hút, mút'
sudden,/ˈsʌdn/,'đột ngột'
suffer,/ˈsʌfər/,'chịu đựng'
sufficient,/səˈfɪʃnt/,'đủ'
sugar,/ˈʃʊɡər/,'đường'
suggest,/səˈdʒest/,'gợi ý'
suggestion,/səˈdʒestʃən/,'sự gợi ý'
suit,/suːt/,'bộ com-lê, phù hợp'
suitable,/ˈsuːtəbl/,'phù hợp'
sum,/sʌm/,'tổng'
summarize,/ˈsʌməraɪz/,'tóm tắt'
summary,/ˈsʌməri/,'bản tóm tắt'
summer,/ˈsʌmər/,'mùa hè'
sun,/sʌn/,'mặt trời'
Sunday,/ˈsʌndeɪ/,'Chủ Nhật'
superior,/suːˈpɪəriər/,'vượt trội, cấp trên'
supermarket,/ˈsuːpəmɑːkɪt/,'siêu thị'
supply,/səˈplaɪ/,'cung cấp'
support,/səˈpɔːt/,'hỗ trợ'
supporter,/səˈpɔːtər/,'người ủng hộ'
suppose,/səˈpəʊz/,'cho là'
sure,/ʃʊər/,'chắc chắn'
surface,/ˈsɜːfɪs/,'bề mặt'
surname,/ˈsɜːneɪm/,'họ'
surprise,/səˈpraɪz/,'ngạc nhiên'
surprised,/səˈpraɪzd/,'ngạc nhiên'
surprising,/səˈpraɪzɪŋ/,'gây ngạc nhiên'
surround,/səˈraʊnd/,'bao quanh'
survey,/ˈsɜːveɪ/,'khảo sát'
survive,/səˈvaɪv/,'sống sót'
suspect,/səˈspekt/,'nghi ngờ, nghi phạm'
suspicious,/səˈspɪʃəs/,'đáng ngờ'
swallow,/ˈswɒləʊ/,'nuốt'
swear,/sweər/,'thề'
sweat,/swet/,'mồ hôi'
sweater,/ˈswetər/,'áo len'
sweep,/swiːp/,'quét'
sweet,/swiːt/,'ngọt'
swim,/swɪm/,'bơi'
swimming,/ˈswɪmɪŋ/,'việc bơi lội'
swing,/swɪŋ/,'đung đưa, xích đu'
switch,/swɪtʃ/,'công tắc, chuyển đổi'
symbol,/ˈsɪmbl/,'biểu tượng'
sympathy,/ˈsɪmpəθi/,'sự thông cảm'
symptom,/ˈsɪmptəm/,'triệu chứng'
system,/ˈsɪstəm/,'hệ thống'
table,/ˈteɪbl/,'cái bàn, bảng'
tablet,/ˈtæblət/,'máy tính bảng, viên thuốc'
tackle,/ˈtækl/,'giải quyết, xử lý'
tail,/teɪl/,'đuôi'
take,/teɪk/,'lấy, cầm'
tale,/teɪl/,'truyện cổ tích'
talent,/ˈtælənt/,'tài năng'
talk,/tɔːk/,'nói chuyện'
tall,/tɔːl/,'cao'
tank,/tæŋk/,'xe tăng, bể chứa'
tap,/tæp/,'vòi nước, gõ nhẹ'
tape,/teɪp/,'băng keo, băng ghi âm'
target,/ˈtɑːɡɪt/,'mục tiêu'
task,/tɑːsk/,'nhiệm vụ'
taste,/teɪst/,'nếm, vị'
tax,/tæks/,'thuế'
taxi,/ˈtæksi/,'xe taxi'
tea,/tiː/,'trà'
teach,/tiːtʃ/,'dạy'
teacher,/ˈtiːtʃər/,'giáo viên'
teaching,/ˈtiːtʃɪŋ/,'việc giảng dạy'
team,/tiːm/,'đội'
tear,/teər/,'xé, nước mắt'
technical,/ˈteknɪkl/,'kỹ thuật'
technique,/tekˈniːk/,'kỹ thuật'
technology,/tekˈnɒlədʒi/,'công nghệ'
telephone,/ˈtelɪfəʊn/,'điện thoại'
television,/ˈtelɪvɪʒn/,'truyền hình'
tell,/tel/,'kể, nói'
temperature,/ˈtemprətʃər/,'nhiệt độ'
temporary,/ˈtemprəri/,'tạm thời'
ten,/ten/,'mười'
tend,/tend/,'có xu hướng'
tendency,/ˈtendənsi/,'xu hướng'
tennis,/ˈtenɪs/,'quần vợt'
tension,/ˈtenʃn/,'sự căng thẳng'
tent,/tent/,'lều'
term,/tɜːm/,'thuật ngữ, học kỳ'
terrible,/ˈterəbl/,'khủng khiếp'
test,/test/,'bài kiểm tra'
text,/tekst/,'văn bản'
than,/ðæn/,'hơn'
thank,/θæŋk/,'cảm ơn'
that,/ðæt/,'rằng, đó'
the,/ðə/,'mão từ xác định'
theatre,/ˈθɪətər/,'nhà hát'
their,/ðeər/,'của họ'
theirs,/ðeəz/,'của họ'
them,/ðem/,'họ'
theme,/θiːm/,'chủ đề'
themselves,/ðəmˈselvz/,'chính họ'
then,/ðen/,'sau đó'
theory,/ˈθɪəri/,'lý thuyết'
there,/ðeər/,'ở đó'
therefore,/ˈðeəfɔːr/,'do đó'
they,/ðeɪ/,'họ'
thick,/θɪk/,'dày'
thief,/θiːf/,'kẻ trộm'
thin,/θɪn/,'mỏng, gầy'
thing,/θɪŋ/,'vật, thứ'
think,/θɪŋk/,'nghĩ'
third,/θɜːd/,'thứ ba'
thirsty,/ˈθɜːsti/,'khát'
this,/ðɪs/,'này'
thorough,/ˈθʌrə/,'kỹ lưỡng'
though,/ðəʊ/,'mặc dù'
thought,/θɔːt/,'suy nghĩ'
thousand,/ˈθaʊznd/,'một nghìn'
threat,/θret/,'mối đe dọa'
threaten,/ˈθretn/,'đe dọa'
three,/θriː/,'ba'
throat,/θrəʊt/,'cổ họng'
through,/θruː/,'xuyên qua'
throughout,/θruːˈaʊt/,'khắp'
throw,/θrəʊ/,'ném'
thumb,/θʌm/,'ngón tay cái'
Thursday,/ˈθɜːzdeɪ/,'thứ Năm'
thus,/ðʌs/,'do đó'
ticket,/ˈtɪkɪt/,'vé'
tidy,/ˈtaɪdi/,'gọn gàng'
tie,/taɪ/,'cà vạt, buộc'
tight,/taɪt/,'chặt'
till,/tɪl/,'cho đến khi'
time,/taɪm/,'thời gian, lần'
timetable,/ˈtaɪmteɪbl/,'thời khóa biểu'
tin,/tɪn/,'thiếc, hộp'
tiny,/ˈtaɪni/,'nhỏ xíu'
tip,/tɪp/,'mẹo, tiền boa, đầu mút'
tire,/ˈtaɪər/,'lốp xe, mệt mỏi'
tired,/ˈtaɪəd/,'mệt'
title,/ˈtaɪtl/,'tiêu đề, chức danh'
to,/tuː/,'đến'
today,/təˈdeɪ/,'hôm nay'
toe,/təʊ/,'ngón chân'
together,/təˈɡeðər/,'cùng nhau'
toilet,/ˈtɔɪlət/,'nhà vệ sinh'
tomato,/təˈmɑːtəʊ/,'cà chua'
tomorrow,/təˈmɒrəʊ/,'ngày mai'
ton,/tʌn/,'tấn'
tone,/təʊn/,'tông, giọng'
tongue,/tʌŋ/,'lưỡi'
tonight,/təˈnaɪt/,'tối nay'
too,/tuː/,'cũng, quá'
tool,/tuːl/,'công cụ'
tooth,/tuːθ/,'răng'
top,/tɒp/,'đỉnh, ngọn'
topic,/ˈtɒpɪk/,'chủ đề'
total,/ˈtəʊtl/,'tổng cộng'
touch,/tʌtʃ/,'chạm'
tough,/tʌf/,'khó khăn, dai'
tour,/tʊər/,'chuyến du lịch'
tourist,/ˈtʊərɪst/,'khách du lịch'
towards,/təˈwɔːdz/,'về phía'
towel,/ˈtaʊəl/,'khăn tắm'
tower,/ˈtaʊər/,'tháp'
town,/taʊn/,'thị trấn'
toy,/tɔɪ/,'đồ chơi'
trace,/treɪs/,'dấu vết, truy tìm'
track,/træk/,'đường đua, theo dõi'
trade,/treɪd/,'thương mại'
tradition,/trəˈdɪʃn/,'truyền thống'
traditional,/trəˈdɪʃənl/,'truyền thống'
traffic,/ˈtræfɪk/,'giao thông'
train,/treɪn/,'xe lửa, huấn luyện'
training,/ˈtreɪnɪŋ/,'sự huấn luyện'
transfer,/trænsˈfɜːr/,'chuyển'
transform,/trænsˈfɔːm/,'biến đổi'
translate,/trænsˈleɪt/,'dịch'
translation,/trænsˈleɪʃn/,'bản dịch'
transport,/ˈtrænspɔːt/,'vận chuyển'
trap,/træp/,'cái bẫy'
travel,/ˈtrævl/,'du lịch'
treat,/triːt/,'đối xử, điều trị'
treatment,/ˈtriːtmənt/,'sự điều trị'
tree,/triː/,'cây'
trend,/trend/,'xu hướng'
trial,/ˈtraɪəl/,'phiên tòa, thử nghiệm'
triangle,/ˈtraɪæŋɡl/,'hình tam giác'
trick,/trɪk/,'mẹo, trò lừa'
trip,/trɪp/,'chuyến đi'
troop,/truːp/,'đoàn quân'
tropical,/ˈtrɒpɪkl/,'nhiệt đới'
trouble,/ˈtrʌbl/,'rắc rối'
trousers,/ˈtraʊzəz/,'quần dài'
truck,/trʌk/,'xe tải'
true,/truː/,'đúng, thật'
truly,/ˈtruːli/,'thực sự'
trust,/trʌst/,'tin tưởng'
truth,/truːθ/,'sự thật'
try,/traɪ/,'cố gắng, thử'
tube,/tjuːb/,'ống'
Tuesday,/ˈtjuːzdeɪ/,'thứ Ba'
tune,/tjuːn/,'giai điệu'
tunnel,/ˈtʌnl/,'đường hầm'
turn,/tɜːn/,'xoay, lượt'
TV,/ˌtiː ˈviː/,'ti vi'
twice,/twaɪs/,'hai lần'
twin,/twɪn/,'sinh đôi'
twist,/twɪst/,'xoắn, vặn'
two,/tuː/,'hai'
type,/taɪp/,'loại, đánh máy'
typical,/ˈtɪpɪkl/,'tiêu biểu'
tyre,/ˈtaɪər/,'lốp xe'
ugly,/ˈʌɡli/,'xấu xí'
umbrella,/ʌmˈbrelə/,'cái ô'
unable,/ʌnˈeɪbl/,'không thể'
unacceptable,/ˌʌnəkˈseptəbl/,'không thể chấp nhận'
uncertain,/ʌnˈsɜːtn/,'không chắc chắn'
uncle,/ˈʌŋkl/,'chú, bác'
uncomfortable,/ʌnˈkʌmfətəbl/,'không thoải mái'
unconscious,/ʌnˈkɒnʃəs/,'bất tỉnh'
under,/ˈʌndər/,'dưới'
underground,/ˈʌndəɡraʊnd/,'dưới lòng đất, tàu điện ngầm'
understand,/ˌʌndəˈstænd/,'hiểu'
understanding,/ˌʌndəˈstændɪŋ/,'sự hiểu biết'
underwear,/ˈʌndəweər/,'đồ lót'
unemployed,/ˌʌnɪmˈplɔɪd/,'thất nghiệp'
unemployment,/ˌʌnɪmˈplɔɪmənt/,'nạn thất nghiệp'
unexpected,/ˌʌnɪkˈspektɪd/,'bất ngờ'
unfair,/ˌʌnˈfeər/,'không công bằng'
unfortunate,/ʌnˈfɔːtʃənət/,'không may'
unhappy,/ʌnˈhæpi/,'không vui'
uniform,/ˈjuːnɪfɔːm/,'đồng phục'
unimportant,/ˌʌnɪmˈpɔːtnt/,'không quan trọng'
union,/ˈjuːniən/,'liên minh, công đoàn'
unique,/juˈniːk/,'độc đáo'
unit,/ˈjuːnɪt/,'đơn vị'
unite,/juˈnaɪt/,'đoàn kết'
universe,/ˈjuːnɪvɜːs/,'vũ trụ'
university,/ˌjuːnɪˈvɜːsəti/,'trường đại học'
unknown,/ʌnˈnəʊn/,'không xác định'
unless,/ənˈles/,'trừ khi'
unlike,/ˌʌnˈlaɪk/,'không giống'
unlikely,/ʌnˈlaɪkli/,'không có khả năng'
unload,/ˌʌnˈləʊd/,'dỡ hàng'
unlucky,/ʌnˈlʌki/,'không may'
unnecessary,/ʌnˈnesəsəri/,'không cần thiết'
unpleasant,/ʌnˈpleznt/,'khó chịu'
unreasonable,/ʌnˈriːznəbl/,'vô lý'
unsteady,/ʌnˈstedi/,'không vững'
unsuccessful,/ˌʌnsəkˈsesfl/,'không thành công'
untidy,/ʌnˈtaɪdi/,'không gọn gàng'
until,/ənˈtɪl/,'cho đến khi'
unusual,/ʌnˈjuːʒuəl/,'bất thường'
unwilling,/ʌnˈwɪlɪŋ/,'không sẵn lòng'
up,/ʌp/,'lên'
upon,/əˈpɒn/,'trên'
upper,/ˈʌpər/,'ở trên'
upset,/ʌpˈset/,'buồn bã, khó chịu'
upstairs,/ˌʌpˈsteəz/,'tầng trên'
upward,/ˈʌpwəd/,'hướng lên'
urban,/ˈɜːbən/,'đô thị'
urge,/ɜːdʒ/,'thúc giục'
us,/ʌs/,'chúng tôi'
use,/juːz/,'sử dụng'
used to,/ˈjuːst tuː/,'đã từng'
useful,/ˈjuːsfl/,'hữu ích'
user,/ˈjuːzər/,'người dùng'
usual,/ˈjuːʒuəl/,'thông thường'
usually,/ˈjuːʒuəli/,'thường xuyên'
vacation,/vəˈkeɪʃn/,'kỳ nghỉ'
valid,/ˈvælɪd/,'hợp lệ'
valley,/ˈvæli/,'thung lũng'
valuable,/ˈvæljuəbl/,'có giá trị'
value,/ˈvæljuː/,'giá trị'
van,/væn/,'xe tải nhỏ'
variation,/ˌveəriˈeɪʃn/,'sự biến đổi'
variety,/vəˈraɪəti/,'sự đa dạng'
various,/ˈveəriəs/,'khác nhau'
vary,/ˈveəri/,'thay đổi'
vast,/vɑːst/,'rộng lớn'
vegetable,/ˈvedʒtəbl/,'rau'
vehicle,/ˈviːəkl/,'phương tiện'
venture,/ˈventʃər/,'mạo hiểm, dự án'
version,/ˈvɜːʃn/,'phiên bản'
vertical,/ˈvɜːtɪkl/,'thẳng đứng'
very,/ˈveri/,'rất'
via,/ˈvaɪə/,'qua'
victim,/ˈvɪktɪm/,'nạn nhân'
victory,/ˈvɪktəri/,'chiến thắng'
video,/ˈvɪdiəʊ/,'video'
view,/vjuː/,'quang cảnh, quan điểm'
village,/ˈvɪlɪdʒ/,'làng'
violence,/ˈvaɪələns/,'bạo lực'
violent,/ˈvaɪələnt/,'bạo lực'
virtual,/ˈvɜːtʃuəl/,'ảo'
virus,/ˈvaɪrəs/,'vi-rút'
vision,/ˈvɪʒn/,'tầm nhìn'
visit,/ˈvɪzɪt/,'thăm'
visitor,/ˈvɪzɪtər/,'khách'
vital,/ˈvaɪtl/,'quan trọng'
vitamin,/ˈvɪtəmɪn/,'vitamin'
voice,/vɔɪs/,'giọng nói'
volume,/ˈvɒljuːm/,'âm lượng, thể tích'
vote,/vəʊt/,'bầu cử'
wage,/weɪdʒ/,'lương (theo giờ/tuần)'
waist,/weɪst/,'eo'
wait,/weɪt/,'đợi'
waiter,/ˈweɪtər/,'bồi bàn nam'
waitress,/ˈweɪtrəs/,'bồi bàn nữ'
wake,/weɪk/,'thức dậy'
walk,/wɔːk/,'đi bộ'
wall,/wɔːl/,'tường'
wallet,/ˈwɒlɪt/,'ví'
wander,/ˈwɒndər/,'đi lang thang'
want,/wɒnt/,'muốn'
war,/wɔːr/,'chiến tranh'
warm,/wɔːm/,'ấm áp'
warn,/wɔːn/,'cảnh báo'
warning,/ˈwɔːnɪŋ/,'lời cảnh báo'
wash,/wɒʃ/,'rửa'
waste,/weɪst/,'lãng phí, rác thải'
watch,/wɒtʃ/,'xem, đồng hồ đeo tay'
water,/ˈwɔːtər/,'nước'
wave,/weɪv/,'sóng, vẫy tay'
way,/weɪ/,'con đường, cách thức'
we,/wiː/,'chúng tôi'
weak,/wiːk/,'yếu'
weakness,/ˈwiːknəs/,'điểm yếu'
wealth,/welθ/,'sự giàu có'
weapon,/ˈwepən/,'vũ khí'
wear,/weər/,'mặc'
weather,/ˈweðər/,'thời tiết'
web,/web/,'mạng nhện, trang web'
website,/ˈwebsaɪt/,'trang web'
wedding,/ˈwedɪŋ/,'đám cưới'
Wednesday,/ˈwenzdeɪ/,'thứ Tư'
week,/wiːk/,'tuần'
weekend,/ˌwiːkˈend/,'cuối tuần'
weigh,/weɪ/,'cân nặng'
weight,/weɪt/,'cân nặng'
welcome,/ˈwelkəm/,'chào mừng'
well,/wel/,'tốt, cái giếng'
west,/west/,'phía tây'
western,/ˈwestən/,'thuộc phía tây'
wet,/wet/,'ướt'
what,/wɒt/,'cái gì'
whatever,/wɒtˈevər/,'bất cứ điều gì'
wheel,/wiːl/,'bánh xe'
when,/wen/,'khi nào'
whenever,/wenˈevər/,'bất cứ khi nào'
where,/weər/,'ở đâu'
whereas,/weərˈæz/,'trong khi'
wherever,/weərˈevər/,'bất cứ đâu'
whether,/ˈweðər/,'liệu'
which,/wɪtʃ/,'cái nào'
while,/waɪl/,'trong khi'
whisper,/ˈwɪspər/,'thì thầm'
white,/waɪt/,'màu trắng'
who,/huː/,'ai'
whoever,/huːˈevər/,'bất cứ ai'
whole,/həʊl/,'toàn bộ'
whom,/huːm/,'ai (tân ngữ)'
whose,/huːz/,'của ai'
why,/waɪ/,'tại sao'
wide,/waɪd/,'rộng'
widely,/ˈwaɪdli/,'rộng rãi'
wife,/waɪf/,'vợ'
wild,/waɪld/,'hoang dã'
will,/wɪl/,'sẽ, ý chí'
willing,/ˈwɪlɪŋ/,'sẵn lòng'
win,/wɪn/,'thắng'
wind,/wɪnd/,'gió'
window,/ˈwɪndəʊ/,'cửa sổ'
wine,/waɪn/,'rượu vang'
wing,/wɪŋ/,'cánh'
winner,/ˈwɪnər/,'người chiến thắng'
winter,/ˈwɪntər/,'mùa đông'
wire,/ˈwaɪər/,'dây'
wise,/waɪz/,'khôn ngoan'
wish,/wɪʃ/,'ước'
with,/wɪð/,'với'
withdraw,/wɪðˈdrɔː/,'rút'
within,/wɪˈðɪn/,'bên trong'
without,/wɪˈðaʊt/,'không có'
witness,/ˈwɪtnəs/,'nhân chứng'
woman,/ˈwʊmən/,'phụ nữ'
wonder,/ˈwʌndər/,'tự hỏi, kỳ quan'
wonderful,/ˈwʌndəfl/,'tuyệt vời'
wood,/wʊd/,'gỗ'
wooden,/ˈwʊdn/,'bằng gỗ'
wool,/wʊl/,'len'
word,/wɜːd/,'từ'
work,/wɜːk/,'công việc, làm việc'
worker,/ˈwɜːkər/,'công nhân'
working,/ˈwɜːkɪŋ/,'đang làm việc'
world,/wɜːld/,'thế giới'
worried,/ˈwʌrid/,'lo lắng'
worry,/ˈwʌri/,'lo lắng'
worse,/wɜːs/,'tệ hơn'
worst,/wɜːst/,'tệ nhất'
worth,/wɜːθ/,'đáng giá'
would,/wʊd/,'sẽ (trong quá khứ)'
wound,/wuːnd/,'vết thương'
wrap,/ræp/,'gói, bọc'
write,/raɪt/,'viết'
writer,/ˈraɪtər/,'nhà văn'
writing,/ˈraɪtɪŋ/,'chữ viết'
written,/ˈrɪtn/,'được viết'
wrong,/rɒŋ/,'sai'
yard,/jɑːd/,'sân, yard (đơn vị đo)'
yeah,/jeə/,'vâng'
year,/jɪər/,'năm'
yellow,/ˈjeləʊ/,'màu vàng'
yes,/jes/,'có'
yesterday,/ˈjestədeɪ/,'hôm qua'
yet,/jet/,'chưa'
you,/juː/,'bạn'
young,/jʌŋ/,'trẻ'
your,/jɔːr/,'của bạn'
yours,/jɔːz/,'của bạn'
yourself,/jɔːˈself/,'chính bạn'
youth,/juːθ/,'tuổi trẻ'
zero,/ˈzɪərəʊ/,'số không'
zone,/zəʊn/,'khu vực'